stress_level,burnout_level
55.96,Medium
82.22,High
61.77,Medium
54.98,Medium
27.9,Low
51.06,Medium
39.09,Medium
77.68,High
73.56,High
46.78,Medium
100,High
26.76,Low
100,High
81.94,High
48.65,Medium
34.26,Low
77.5,High
28.51,Low
85.2,High
51.03,Medium
64.45,Medium
19.79,Low
37.07,Medium
19.68,Low
27.68,Low
27.93,Low
46.3,Medium
43.95,Medium
56.11,Medium
89.65,High
38.84,Medium
35.43,Medium
30.34,Low
90.03,High
81.65,High
,Low
17.83,Low
89.57,High
83.11,High
76.09,High
99.13,High
31.36,Low
50.25,Medium
80.33,High
72.3,High
59.88,Medium
69.16,Medium
9.61,Low
77.59,
80.09,High
30.84,Low
33.53,Low
57.67,Medium
100,High
27.13,
37.93,Medium
30.59,Low
62.75,Medium
54.06,Medium
42.29,Medium
90.88,High
51.74,Medium
37.08,Medium
27.54,Low
65.02,Medium
74.56,High
85.01,High
53.35,Medium
67.97,Medium
28.27,Low
60.33,Medium
71.37,High
40.12,Medium
66.95,Medium
67.44,Medium
94.85,High
44.12,Medium
21.81,Low
11.49,Low
43.62,Medium
41.79,Medium
12.94,Low
32.7,Low
67.55,Medium
47.26,Medium
59.52,Medium
50.52,Medium
100,High
85.75,High
74.13,High
14.94,Low
73.75,High
85.14,High
31.25,Low
48.16,Medium
24.92,Low
62.08,Medium
59.72,Medium
,Medium
23.31,Low
34.76,Low
30.82,Low
84.17,High
38.74,Medium
100,High
94.11,High
92.27,High
66.48,Medium
47.32,Medium
46.08,Medium
100,High
61.98,Medium
23.62,Low
27.37,Low
69.62,Medium
66.59,Medium
35.54,Medium
45.81,Medium
52.52,Medium
80.74,High
13.41,Low
11.68,Low
49.9,Medium
18.4,Low
37.85,Medium
53.49,Medium
85.23,High
46.48,Medium
63.16,Medium
25.99,Low
70.82,High
54.65,Medium
37.59,Medium
77.57,High
53.43,Medium
81.9,High
79.14,High
13.55,Low
76.99,High
18.34,Low
88.81,High
56.48,Medium
53.37,Medium
76.6,High
60.52,Medium
72.74,High
57.58,Medium
70.27,High
83.65,High
49.5,Medium
72.19,High
41.8,Medium
35.94,Medium
51.86,Medium
19.28,Low
85.48,High
21.9,Low
100,High
69.56,Medium
31.65,Low
31.31,Low
91.36,High
63.48,Medium
37.83,Medium
92.55,High
69.2,Medium
79.65,High
63.34,Medium
57.44,Medium
30.01,Low
93.99,High
51.96,Medium
90.61,High
45.25,Medium
74.21,High
68.94,Medium
97.54,High
67.87,Medium
45.92,Medium
74.28,High
58.43,Medium
40.25,Medium
64.74,Medium
81.52,High
53.93,Medium
63.01,Medium
42.35,Medium
43.22,
69.95,Medium
37.09,Medium
75.52,High
85.54,High
64.71,Medium
46.82,Medium
68.6,Medium
21.16,Low
80.33,High
62.99,Medium
5.05,Low
55.71,Medium
50.56,Medium
47.09,Medium
47.17,Medium
63.74,Medium
23.32,Low
50.73,Medium
100,High
75.15,High
81.8,High
56.74,Medium
73.98,High
66.92,Medium
70.3,High
29.61,Low
62.75,Medium
37.02,Medium
75.53,High
27.66,Low
98.03,High
20.09,Low
33.76,Low
34.87,Low
71.24,High
21.1,Low
40.88,Medium
41.71,Medium
27.55,Low
73.59,High
81.21,High
33.42,Low
54.86,Medium
45.83,Medium
55.98,Medium
77.97,High
32,Low
73.98,High
64.73,Medium
80.22,High
19.83,Low
22.61,Low
22.87,Low
59.74,Medium
64.45,Medium
63.64,Medium
99.68,High
80.57,High
62.38,Medium
30.72,Low
66.73,Medium
54.91,Medium
33.08,Low
100,High
100,High
39.64,Medium
49.05,
71.94,High
75.7,High
,High
49.79,Medium
95.2,High
43.63,Medium
,Medium
84.06,High
19.31,Low
59.79,Medium
19.62,Low
54.14,Medium
76.57,High
15.41,Low
92.33,High
66.97,Medium
46.19,Medium
48.28,Medium
49.11,Medium
34.63,Low
60.88,Medium
0,Low
64.9,Medium
39.47,Medium
88.32,High
58.65,Medium
16.42,Low
36.26,Medium
67.96,Medium
85.9,High
69.53,Medium
72.17,High
67.24,Medium
72.88,High
37.06,Medium
42.65,Medium
28.35,Low
88.96,High
49.67,Medium
47.98,Medium
84.89,High
66.82,Medium
70.5,High
55.7,Medium
10.24,Low
30.85,Low
71.77,High
44.47,Medium
95.53,High
26.78,Low
52.01,Medium
45.53,Medium
68.33,Medium
57.55,Medium
9.45,Low
50.4,Medium
40.73,Medium
35.57,Medium
59.17,Medium
66.29,Medium
42.8,Medium
11.56,Low
51.94,Medium
99.69,High
46.86,Medium
30.11,Low
40.05,Medium
69.17,Medium
100,High
75.55,High
68.85,Medium
79.34,High
51.25,Medium
33.93,Low
41.33,Medium
36.72,Medium
81.09,High
36.22,Medium
87.89,High
36.98,Medium
39.9,Medium
32.91,Low
34.26,Low
60.52,
55.54,Medium
47.11,Medium
63.2,Medium
61.71,Medium
14.01,Low
65.33,Medium
51.79,Medium
37.3,Medium
50.44,Medium
35.78,Medium
47.65,Medium
48.91,Medium
55.69,Medium
,Medium
19.21,Low
49.99,Medium
43.76,Medium
33.84,Low
64.23,Medium
4.31,Low
6.95,Low
52.52,Medium
99.08,High
65.06,Medium
31.91,Low
45.25,Medium
51.79,Medium
31.11,Low
91.64,High
44.54,Medium
44.81,Medium
77.65,High
59.37,Medium
88.79,High
36.48,Medium
84.27,High
65.69,Medium
36.15,Medium
54.62,Medium
71.21,High
54.29,Medium
77.97,High
57.85,Medium
6.04,Low
100,High
78.85,High
92.22,High
48.92,Medium
24.65,Low
36.59,Medium
70.87,High
44.79,Medium
100,High
18.54,Low
0,Low
59.94,Medium
,Low
72.36,High
53.84,Medium
50.36,Medium
46.7,Medium
29.84,Low
37.8,Medium
84.46,High
26.41,Low
42.7,
63.59,Medium
61.71,
55.89,Medium
92.93,
70.75,High
62.39,Medium
86.75,High
37.04,Medium
100,High
15.83,Low
28.28,Low
93.22,High
64.2,Medium
20.03,Low
66.4,Medium
67.99,Medium
47.94,Medium
40.69,Medium
57.93,Medium
55.22,Medium
44.61,Medium
90.38,High
30.31,Low
15.82,Low
43.23,Medium
30.52,Low
70.51,High
59.22,Medium
42.12,Medium
44.68,Medium
66.54,Medium
16.61,Low
83.88,High
,Medium
21.58,Low
47.09,Medium
58.22,Medium
18.28,Low
30.96,Low
5.43,Low
96.02,High
28.55,Low
28.64,Low
87.19,High
18.71,Low
53.81,Medium
40.29,Medium
14.2,Low
59.44,
53.07,Medium
71.28,High
100,High
24.7,Low
75.31,High
66.1,Medium
22.84,Low
43.67,Medium
43.99,Medium
68.61,Medium
58.28,Medium
86.25,High
53.63,Medium
43.97,Medium
65.57,Medium
73.23,High
26.74,Low
37.64,Medium
61.78,Medium
87.02,High
27.48,Low
60.45,Medium
53.46,Medium
20.81,Low
40.57,Medium
19.46,Low
79.28,High
43.44,Medium
62.86,Medium
48.09,Medium
75.93,High
72.52,High
27.36,Low
19.59,Low
14.14,Low
35.25,Medium
24.2,Low
85.59,High
27.23,Low
90.15,High
52.79,Medium
71.16,High
90.32,High
57.55,Medium
50.77,Medium
0,Low
30.69,Low
85.3,High
83.66,High
35.06,Medium
67.28,Medium
51.02,Medium
87.71,High
49.62,Medium
35.43,
64.06,Medium
97.02,High
40.84,Medium
58.97,Medium
29.88,Low
71.59,High
48.45,Medium
66.71,Medium
10.96,Low
72.5,High
46.51,Medium
60.23,Medium
69.12,Medium
64.49,
17.89,Low
59.11,Medium
29.29,Low
73.53,High
61.35,Medium
69.47,Medium
74.85,High
51.69,Medium
40.44,Medium
51.04,Medium
37.76,Medium
35.25,Medium
57.51,Medium
52.49,Medium
73.3,High
25.12,Low
76.33,High
100,High
36.93,Medium
33.55,Low
25.13,Low
95.49,High
69.36,Medium
21.41,Low
54.67,Medium
48,Medium
32.45,Low
78.47,High
53.16,Medium
16.99,Low
91.23,High
39.69,Medium
96.92,High
27.12,Low
56.87,Medium
36.38,Medium
28.31,Low
46.13,Medium
37.72,Medium
58,Medium
52.55,Medium
37.72,Medium
55.97,Medium
82.67,High
79.54,High
72.68,High
54.77,Medium
94.15,High
49.21,Medium
45.24,Medium
30.22,Low
49.35,Medium
77.99,High
20.62,Low
40.65,Medium
40.13,Medium
72.03,High
27.48,Low
100,High
44.22,Medium
37.78,Medium
34.96,Low
76.61,High
89.63,High
0,Low
54.25,Medium
82.46,High
19.28,Low
10.58,Low
10.1,Low
64.8,Medium
46.49,Medium
2.91,Low
56.21,Medium
67.42,Medium
58.72,Medium
37.39,Medium
27.79,Low
55.56,Medium
52.25,Medium
43.49,Medium
54.18,Medium
96.38,High
44,Medium
50.64,Medium
66.17,Medium
45.92,Medium
58.79,Medium
72.18,High
55.04,Medium
2.27,Low
30.32,Low
45.42,Medium
37.52,Medium
28.23,Low
82.76,High
47.48,Medium
89.21,High
84.93,High
3.21,Low
49.1,Medium
31.03,Low
94.12,High
74.25,High
44.92,Medium
78.35,High
27.76,Low
15.38,Low
48.32,Medium
89.57,High
44.02,Medium
,High
52.48,Medium
67.96,Medium
6.76,Low
,Medium
85.79,High
47.04,Medium
57.46,Medium
31.84,Low
21.52,Low
84.75,High
44.83,Medium
76.4,High
56.22,Medium
42.85,Medium
65.28,Medium
,Medium
11.59,Low
,Medium
53.67,Medium
31.7,Low
60.82,Medium
55.24,Medium
61.06,Medium
54.87,Medium
84.79,High
44.57,Medium
100,High
46.98,Medium
61.53,Medium
44.43,Medium
65.8,Medium
46.39,Medium
49.64,Medium
60.95,Medium
,Low
34.07,Low
46.67,Medium
36.54,Medium
50.46,Medium
1.1,Low
47.44,Medium
60.23,Medium
47.37,Medium
30.05,Low
71.55,High
100,High
52.87,Medium
18.1,Low
76.89,High
50.38,Medium
57.67,Medium
46.89,Medium
24.36,Low
62.9,Medium
40.65,Medium
88.67,High
67.55,Medium
68.27,Medium
30.22,Low
69.24,Medium
24.05,Low
91.15,High
45.08,Medium
63.65,Medium
64.71,Medium
67.32,Medium
62.12,Medium
54.92,Medium
21.3,Low
18.53,Low
48.99,Medium
100,High
67.7,Medium
31.34,Low
66.93,Medium
53.84,Medium
100,High
45.19,Medium
37.52,Medium
53.22,Medium
40.58,Medium
55.16,Medium
50.29,Medium
22.27,Low
31.62,Low
19.92,Low
75.97,High
61.48,Medium
0,Low
100,High
35.14,Medium
61.72,Medium
37.69,Medium
71.48,High
52.2,Medium
83.33,High
6.45,Low
34.8,Low
26.49,Low
18.95,Low
54.05,Medium
48.1,Medium
55.56,Medium
66.35,Medium
57.42,Medium
77.28,High
86.6,High
84.79,High
40.87,Medium
52.47,Medium
64.07,Medium
32.51,Low
32.2,Low
75.07,High
36.47,Medium
39.25,Medium
31.53,
51.07,Medium
10.68,Low
71.64,High
36.05,Medium
51.7,Medium
19.54,Low
0,Low
76.2,High
60.01,Medium
23.62,Low
49.14,Medium
87.19,High
62.5,Medium
91.3,High
48.53,Medium
88.76,High
71.71,High
49.89,Medium
93.65,High
54.98,Medium
26.07,Low
31.21,Low
25.54,Low
33.7,Low
77.28,High
85.24,High
74.27,High
73,High
73.31,High
55.79,Medium
3.74,Low
84.93,High
59.42,Medium
34.27,Low
100,High
55.82,Medium
50.87,
16.39,Low
100,High
47.84,Medium
58.3,Medium
26.86,Low
95.18,High
51.11,Medium
58.67,Medium
64.79,Medium
43.78,Medium
59.09,Medium
35.48,Medium
48.64,Medium
11.3,Low
79.87,High
38.67,Medium
65.22,Medium
50.49,Medium
28.84,Low
18.75,Low
36.45,Medium
,Medium
76.02,High
64.08,Medium
26.85,Low
0,Low
67.69,Medium
3.41,Low
44.48,Medium
77.51,High
54.73,Medium
21.2,Low
74.41,High
0,Low
16.13,Low
75.93,High
39.42,Medium
100,High
35.93,Medium
59.17,Medium
39.77,Medium
52.16,Medium
37.33,Medium
43.05,Medium
43.45,Medium
64.74,Medium
54.27,Medium
58.93,Medium
87.86,High
24.12,Low
70.72,High
60.47,Medium
36.15,Medium
0,Low
49.43,Medium
27.58,
44.98,Medium
82.33,High
100,High
,Medium
77.23,High
86.62,High
49.93,Medium
66.1,Medium
78.08,High
65.54,
71.1,High
56.88,Medium
78.21,High
83.21,
69.88,Medium
63.41,Medium
46.3,Medium
69.9,Medium
66.84,Medium
39.96,Medium
85.91,High
10.51,Low
63.29,Medium
95.45,High
67.32,Medium
54.37,Medium
41.35,Medium
100,High
39.51,Medium
73.64,High
41.22,Medium
67.3,Medium
81.24,High
63.82,Medium
74.47,High
73.37,High
76.2,High
16.94,Low
65.47,Medium
32.49,Low
,Medium
69.56,Medium
80.1,High
81.62,High
74.94,High
37.75,Medium
16.92,Low
62.48,Medium
64.12,Medium
62.56,Medium
55.06,Medium
51.16,Medium
18.82,Low
88.62,High
84.66,High
64.76,Medium
64.71,Medium
74.25,High
67.4,Medium
52.13,Medium
68.17,Medium
68.43,Medium
27.62,Low
48.89,Medium
58.63,Medium
15.63,Low
79.82,High
14.93,Low
100,High
0,Low
60.08,Medium
39.23,Medium
69.69,Medium
88.19,High
18.52,Low
20.42,Low
78.02,High
65.06,Medium
23.11,Low
67.83,Medium
12.01,Low
32.51,Low
51.63,Medium
64.13,Medium
77.19,High
13.23,Low
64.93,Medium
89.11,High
74.28,High
23.61,Low
26.28,Low
,High
28,Low
38.91,Medium
70.58,High
60.89,Medium
52.9,Medium
72.82,High
54.52,Medium
63.27,Medium
0,Low
76.84,High
94.29,High
64.35,Medium
21.87,Low
12.31,Low
32.76,Low
22.56,Low
39.09,Medium
34.52,Low
0,Low
89.28,High
26.46,Low
16.92,Low
47.15,Medium
30.85,Low
53.06,Medium
21.41,Low
100,High
,Medium
58.27,Medium
92.87,High
40.98,Medium
15.19,Low
54.38,Medium
36.4,Medium
57.94,Medium
62.18,Medium
59.37,Medium
0,Low
60.11,Medium
45.42,Medium
39.86,Medium
94.46,High
28.05,Low
76.72,High
75.62,High
69.41,Medium
71.82,High
22.45,Low
44.53,Medium
52.55,Medium
75.71,High
64.87,Medium
33.68,Low
24.21,Low
73.96,High
50.43,Medium
20.34,Low
49.82,Medium
91.12,High
40.86,Medium
68.01,Medium
52.34,Medium
24.11,Low
100,High
65.43,Medium
40.02,Medium
75.74,High
49.9,Medium
38.31,Medium
52.71,Medium
62.99,Medium
18.23,Low
52.97,Medium
76.8,High
57.83,Medium
82.37,High
40.73,Medium
59.97,Medium
50.01,Medium
51.95,Medium
27.67,Low
74.39,High
69.79,Medium
52.89,Medium
9.22,Low
37.31,Medium
65.31,Medium
73.43,High
81.66,High
58.08,Medium
53.05,Medium
74.16,High
67.4,Medium
14.84,Low
70.25,High
65.72,Medium
34.07,Low
8.74,Low
17.03,Low
69.69,Medium
40.89,Medium
38.66,Medium
19.74,Low
58.16,Medium
64.73,Medium
16.94,Low
,Medium
89.35,High
28.1,Low
33.98,Low
46.46,Medium
74.1,High
58.1,Medium
62.92,Medium
50.28,Medium
43.9,Medium
61.85,Medium
31.01,Low
25.8,Low
53.29,Medium
65.57,Medium
68.48,Medium
18.26,Low
38.44,Medium
48.98,Medium
32.1,
48.67,Medium
29.81,Low
23.37,Low
40.73,Medium
58.28,Medium
8.82,Low
39.85,Medium
46.53,Medium
34.55,Low
33.38,Low
57.38,Medium
46.28,Medium
28.66,Low
60.17,Medium
19.77,Low
55.56,Medium
58.24,Medium
86.14,High
65.38,
61.54,Medium
38.75,Medium
46.93,Medium
41.27,Medium
40.36,Medium
20.04,Low
31.05,Low
95.86,High
14.67,Low
53.75,Medium
51.21,Medium
73.59,High
55.79,Medium
53.86,Medium
64.53,Medium
33.85,Low
39.8,Medium
49.71,Medium
100,High
69.97,Medium
34.59,Low
24.57,Low
45.46,Medium
100,High
8.1,Low
49.83,Medium
46.33,Medium
58.83,Medium
87.17,High
57.01,Medium
,Medium
30.18,Low
61.73,Medium
34.77,Low
32.88,Low
76.26,High
93.13,High
39.68,Medium
32.99,Low
52.79,Medium
44.28,
73.63,High
54.51,Medium
78.45,High
89.11,High
67.52,Medium
57.88,Medium
76.2,High
35.06,Medium
17.57,Low
23.9,Low
62.52,Medium
46.71,Medium
38.63,Medium
49.29,Medium
47.32,Medium
75.55,High
41.14,Medium
72.4,
57.98,Medium
70.86,High
56.6,Medium
55.72,Medium
38.42,Medium
70.33,High
63.02,Medium
77.28,High
61.75,Medium
27.6,Low
40.89,Medium
62.93,Medium
50.33,Medium
11.56,Low
57.49,Medium
53.2,Medium
70.2,High
50.77,Medium
40.61,Medium
55.07,Medium
82.46,High
100,High
69.86,Medium
61.43,Medium
23.81,Low
85.51,High
54.99,Medium
8.78,Low
,Low
64.76,Medium
25.7,Low
26.29,Low
25.65,Low
59.57,Medium
65.1,Medium
37.15,
11.43,Low
25.45,Low
30.51,Low
51.33,Medium
29.79,Low
72.1,High
35.41,Medium
58.83,
95.41,High
32.99,Low
44.59,Medium
60.15,Medium
70.7,High
16.54,
33.7,Low
0,Low
25.2,Low
62.64,Medium
,Medium
95.04,High
32.56,Low
52.75,Medium
73.34,High
68.7,Medium
68.44,Medium
40.11,Medium
49.27,Medium
49.57,Medium
38.55,Medium
67.44,Medium
53.94,Medium
44.57,Medium
62.53,Medium
73.93,High
61.67,Medium
77.34,High
28.62,Low
85.44,High
33.72,Low
83.51,High
31.87,Low
3.61,Low
96.52,High
39.27,Medium
100,High
58.96,Medium
87.73,High
70.98,High
28.18,Low
42.32,Medium
41.13,Medium
38.61,Medium
55.95,Medium
51.15,Medium
65.62,Medium
73.73,High
99.1,High
68.44,Medium
43.87,
91.94,High
31.94,Low
54.5,Medium
49.93,Medium
45.71,Medium
80.96,High
68.46,Medium
41.75,Medium
68.13,Medium
78.78,High
42.39,Medium
34.32,Low
49.35,Medium
100,High
38.29,Medium
33.82,Low
30.05,Low
30.55,Low
43.38,Medium
97.77,High
57.13,Medium
61.67,Medium
67.93,Medium
22.83,Low
44.04,Medium
33.74,Low
48.61,Medium
28.28,Low
52.47,Medium
28.58,Low
42.73,Medium
36.84,Medium
86.07,High
72.77,High
54.47,Medium
37.2,Medium
43.41,Medium
52.65,Medium
48.31,Medium
47.26,Medium
88.74,High
47.12,Medium
64.29,Medium
72.67,High
78.95,High
26.81,Low
49.29,Medium
77.35,High
90.58,High
54,Medium
72.86,High
23.3,Low
100,High
22.1,Low
42.24,Medium
67.15,Medium
45.72,Medium
50.92,Medium
84.65,High
16.98,Low
51.1,Medium
,Medium
78.17,High
60.07,Medium
92.99,High
49.68,Medium
73.38,High
74.11,High
22.74,Low
41.74,Medium
61.81,Medium
69.84,Medium
71.46,High
49.15,Medium
57.02,Medium
55.8,Medium
77.19,High
39.51,Medium
79.4,High
63.13,Medium
0,Low
23.64,Low
86.53,High
90.36,High
39.5,Medium
54.13,Medium
45.89,Medium
100,High
57.49,Medium
63.84,Medium
88.44,High
52.88,Medium
77.38,High
13.62,Low
76.87,High
13.42,Low
55.79,Medium
60.43,Medium
68.15,Medium
54.45,
62.39,Medium
81.47,High
37.26,Medium
63.04,Medium
28.87,Low
66.07,Medium
42.03,Medium
22.09,Low
67.97,Medium
67.55,Medium
79.94,High
25.16,Low
52.95,Medium
53.39,Medium
82.9,High
4.93,Low
62.55,Medium
62.13,Medium
26.6,Low
52.75,Medium
64.29,Medium
64.25,Medium
10.99,Low
64.95,Medium
97.93,High
48.3,Medium
75.32,High
,Medium
73.49,High
43.97,Medium
38.44,Medium
36.21,Medium
57.13,Medium
41.24,Medium
47.48,Medium
61.35,Medium
56.4,Medium
46.51,Medium
42.36,Medium
26.59,Low
80.57,High
,Medium
48.2,Medium
64.04,Medium
65.71,Medium
50.79,Medium
57.26,Medium
82.58,High
61.17,Medium
55.67,Medium
9.07,Low
100,High
63.14,Medium
57.1,Medium
79.96,High
89.42,High
94.93,High
50.12,Medium
80.26,High
55.29,Medium
30.18,Low
35.85,Medium
46.24,Medium
34.8,Low
73.84,High
60.8,Medium
10.4,Low
84.38,High
74.33,High
,Medium
12.17,Low
41.28,Medium
70.08,High
58.87,Medium
100,High
43.86,Medium
100,High
40.35,Medium
87.78,High
34.54,Low
48.04,Medium
55.72,Medium
33.3,Low
52.78,Medium
96.28,High
64.84,Medium
58.03,Medium
16.8,Low
75.13,High
47,Medium
75.96,High
30.02,Low
56.31,Medium
63.55,Medium
94.88,High
25.33,Low
15.75,Low
39.98,Medium
10.19,Low
37.01,Medium
63.64,Medium
20.6,Low
56.76,Medium
29.01,Low
50.99,Medium
54.48,Medium
52.96,Medium
41.27,Medium
88.78,High
53.07,Medium
43.92,Medium
53.27,Medium
55.18,Medium
60.88,Medium
57.82,Medium
66.1,Medium
31.71,Low
13.37,Low
60.48,Medium
44.48,Medium
56.84,
16.51,Low
91.76,High
39.86,Medium
61,Medium
,High
21.64,Low
10.46,Low
32.49,Low
21.57,Low
76.63,High
25.31,Low
70.01,High
,Medium
17.78,Low
60.06,Medium
24.96,Low
7.45,Low
51.01,Medium
92.25,High
31.43,Low
53.51,Medium
48.8,Medium
64.77,Medium
100,High
42.85,Medium
30.17,Low
23.85,Low
67.42,Medium
100,High
89.78,High
40.57,Medium
63.5,Medium
65.08,Medium
67.15,Medium
62.57,Medium
32.53,Low
39.08,Medium
5.09,Low
49.12,Medium
67.18,Medium
63.44,Medium
100,High
27.17,Low
17.23,Low
77.25,High
69.94,Medium
27.91,Low
77.9,High
61.65,Medium
55.32,Medium
69.62,Medium
89.21,High
13.67,Low
49.87,Medium
36.3,Medium
70.43,High
64.26,Medium
72.29,
70.01,High
,High
26.99,Low
,Medium
59.87,Medium
33.09,Low
100,
51.15,Medium
38.35,Medium
32.03,Low
67.78,Medium
19.86,Low
67.04,
30.37,Low
70.52,High
89.94,High
14.58,Low
75.89,
42.62,Medium
53.4,Medium
,Medium
18.53,Low
48.75,Medium
78.35,High
52.9,Medium
13.69,Low
39.28,Medium
77.53,High
30.67,Low
79.26,High
67.85,Medium
17.65,Low
56.97,Medium
60.95,Medium
66.64,Medium
84.4,High
40.37,Medium
26.76,Low
56.66,Medium
94.49,High
60.27,Medium
28.79,Low
42.27,Medium
58.45,Medium
88.97,High
6.74,Low
24.94,Low
85.36,High
63.98,Medium
83.2,High
39.15,Medium
17.34,Low
30.25,Low
40.23,Medium
52.6,Medium
16.25,Low
35.18,Medium
100,High
49.82,Medium
70.02,High
33.05,Low
72.84,High
0,Low
88.21,High
33.06,Low
32.7,Low
80.06,High
55.73,Medium
43.52,Medium
58.34,Medium
75.09,High
37.59,Medium
26.18,Low
53.13,Medium
31.3,Low
41.51,Medium
36.29,Medium
41.76,Medium
83.44,High
58.6,Medium
82.35,High
58.77,Medium
49.38,Medium
83.31,High
29.32,Low
78.18,High
19.3,Low
46.6,Medium
68.25,Medium
51.59,Medium
43.17,Medium
60.95,Medium
32.49,Low
55.93,Medium
67.84,Medium
61.52,Medium
15.08,Low
67.3,Medium
70.48,High
8.85,Low
27.01,Low
76.03,High
34.54,Low
98.07,High
69.22,Medium
21.18,Low
27.49,Low
42.6,Medium
51.91,Medium
41.87,Medium
50.93,Medium
79.21,High
21.25,Low
78.37,High
49.44,Medium
87.41,High
76.61,High
70.68,High
55.96,Medium
77.96,High
80.42,
16.67,Low
19.8,Low
91.99,High
57.59,Medium
57.33,Medium
72.07,High
28.38,Low
31.57,Low
91.62,High
58.16,Medium
88.44,High
79.64,High
35.69,Medium
23.7,Low
,High
46.68,Medium
26.31,Low
100,High
89.98,High
69.72,Medium
43.55,Medium
77.77,High
59.16,Medium
69.67,Medium
61.1,Medium
100,High
38.03,Medium
89.22,High
13.07,Low
19.42,Low
96.22,High
8.91,Low
47.33,Medium
14.79,Low
95.33,High
13.99,Low
28.95,Low
79.89,High
40.76,Medium
78.33,
41.22,Medium
63.76,Medium
55.19,Medium
61.38,Medium
78.83,High
58.07,Medium
75.53,High
100,High
68.15,Medium
41.76,Medium
84.85,High
58.11,Medium
,Low
74.52,High
98.47,High
82.27,High
43.27,Medium
56.59,Medium
67.98,Medium
74.4,High
63.35,Medium
43.45,Medium
18.77,Low
63.22,Medium
84.76,High
91.57,High
56.51,Medium
56.96,Medium
57.51,Medium
50.63,Medium
64.54,Medium
21.5,Low
79.79,High
67.18,Medium
26.1,Low
34.06,Low
29.98,Low
80.55,High
58.06,Medium
53.87,Medium
48.28,Medium
41.49,Medium
34.34,Low
66.92,Medium
35.24,Medium
53.44,Medium
55.08,Medium
53.16,Medium
81.45,High
62.99,Medium
64.67,Medium
80.24,High
44.4,Medium
78.09,High
46.03,Medium
50.67,Medium
43.52,Medium
55.82,Medium
61.99,Medium
74.07,High
42.4,Medium
32.22,Low
0,Low
62.42,Medium
89.98,High
100,High
71.32,High
51.61,Medium
69.63,Medium
96.7,High
63.33,Medium
78.26,High
55.06,Medium
74.77,High
21.97,Low
69.61,Medium
50.45,Medium
46.11,Medium
40.65,Medium
55.24,Medium
81.67,High
45.47,Medium
46.6,Medium
88.36,High
76.94,High
83.78,High
25.79,Low
64.87,Medium
66.12,Medium
66.08,Medium
52.06,Medium
37.94,Medium
100,High
63.81,Medium
27.46,Low
27.91,Low
76.54,High
25.07,Low
75.66,High
60.41,Medium
80.27,High
97.19,High
98.52,High
31.95,Low
66.6,Medium
55.76,Medium
59.75,Medium
1.86,Low
44.27,Medium
71.34,High
35.76,Medium
35.85,Medium
51.59,Medium
24.17,Low
49.83,Medium
52.4,Medium
52.28,Medium
42.66,Medium
39.4,Medium
79.18,High
100,High
69.95,Medium
54.81,
19.51,Low
20.37,Low
42.66,Medium
79.1,High
56.69,Medium
38.37,Medium
83.73,High
45.9,Medium
36.32,Medium
37.24,Medium
80.36,High
52.09,Medium
52.58,Medium
43.85,Medium
85.56,High
50.42,Medium
46.88,Medium
44.61,Medium
49.88,Medium
38.51,
67.23,Medium
62.43,Medium
64.97,Medium
59.48,Medium
59.52,Medium
67.87,Medium
43.03,
32.99,Low
51.54,
64.52,
78.27,High
49.08,Medium
68.25,Medium
81.56,High
43.04,Medium
48.1,Medium
54.25,Medium
48.37,Medium
46.66,Medium
30.24,Low
76.55,High
63.24,Medium
43.6,Medium
78.85,High
26.26,Low
68.84,Medium
87.9,High
60.84,Medium
29.19,Low
18.81,Low
55.67,Medium
10.5,Low
29.74,Low
55.65,Medium
20.33,Low
,Medium
27.29,Low
70.81,High
91.26,High
54.94,Medium
30.86,Low
52.86,Medium
34.21,Low
67.24,Medium
62.37,Medium
36.2,Medium
63.93,Medium
35.59,Medium
,Medium
0,Low
76.04,High
41.53,Medium
60.74,Medium
27.65,Low
56.98,Medium
53.33,Medium
45.61,Medium
52.84,Medium
100,High
100,High
29.46,Low
46,Medium
6.44,Low
100,High
70.02,High
62.28,Medium
26.88,Low
28.98,Low
54.72,Medium
39.4,
42.03,Medium
26.58,Low
44.39,Medium
71.95,High
75.14,High
56.95,Medium
39.6,Medium
17.7,Low
41.88,Medium
81.04,High
66.4,Medium
92.23,High
17.8,Low
100,High
87.43,High
21.8,Low
99.08,High
44.42,Medium
38.48,Medium
58.1,Medium
88.14,High
100,High
70.5,High
94.68,High
48.46,Medium
86.51,High
50.43,Medium
34.5,Low
,Low
36.78,Medium
14.2,Low
73.2,High
38.42,Medium
61.33,Medium
15.76,Low
46.44,Medium
48.96,Medium
33.18,Low
54.23,Medium
44.31,Medium
83.88,High
24.51,Low
75.49,High
71.84,High
7.92,Low
45.67,Medium
25.98,Low
36.1,Medium
62.32,Medium
68.52,Medium
9.89,Low
34.31,Low
43.1,Medium
82.6,High
86.68,High
96.07,High
35.9,Medium
93.8,High
70.56,High
42.17,Medium
45.52,Medium
30.59,Low
62.32,Medium
50.83,Medium
15.59,Low
33.38,Low
35.08,Medium
0,Low
89.49,High
51.81,Medium
62.94,Medium
34.04,Low
92.57,High
37.68,Medium
33.07,
20.24,Low
44.92,Medium
100,High
58.89,Medium
28.3,Low
62.81,
57.52,Medium
27.87,Low
56.26,Medium
16.52,Low
28.78,Low
2.72,Low
83.36,High
7.1,Low
39.23,Medium
40.29,Medium
48.87,Medium
87.99,High
66.24,Medium
63.81,Medium
17.41,Low
70.77,High
54.73,Medium
51.77,Medium
73.45,
69.38,Medium
40.94,Medium
73.25,High
52.9,Medium
19.8,Low
74.08,High
53.9,Medium
46.34,Medium
42.73,Medium
64.49,Medium
52.77,Medium
79.79,High
73.25,High
45.56,Medium
39.27,Medium
58.48,Medium
48.49,Medium
43.49,Medium
35.82,Medium
86.57,High
73.21,High
80.94,High
100,High
21.86,Low
60.78,Medium
9.01,Low
59.34,Medium
26.29,Low
50.51,Medium
33.33,Low
74.85,High
47.99,Medium
61.24,Medium
55.36,Medium
33.94,Low
59.2,Medium
94.89,High
100,High
26.53,Low
9.7,Low
77.45,High
54.88,Medium
53.37,Medium
85.63,High
80.99,High
83.26,High
84.5,High
27.44,Low
7.52,Low
90.72,High
70.07,High
50.94,Medium
90.8,High
13.44,Low
85.95,High
54.5,Medium
59.48,Medium
67.02,Medium
42.03,Medium
43.91,Medium
83.98,High
100,High
47.05,Medium
78.58,High
46.75,Medium
38.93,Medium
85.48,High
51.69,Medium
43.02,Medium
21.31,Low
63.7,Medium
46.4,Medium
43.94,Medium
25.15,Low
52.86,Medium
78.77,High
77.17,High
44.71,Medium
19.67,Low
79.38,High
91.67,High
75.09,High
68.31,Medium
60.81,Medium
48.11,Medium
60.67,Medium
49.31,Medium
85.95,High
71.96,High
100,High
79.04,High
24.34,Low
75.41,High
76.94,High
39.48,Medium
15.37,Low
,High
80.57,High
60.12,Medium
52.76,Medium
30.83,Low
84.12,High
100,High
18.05,Low
58.84,Medium
55.98,Medium
71.14,High
97.1,High
52.09,Medium
63.18,Medium
72.62,High
54.32,Medium
81.15,High
51.36,Medium
98.49,High
76.54,High
95.77,High
46.85,Medium
59.67,Medium
0,Low
28.02,Low
66.34,Medium
73.63,
34.34,Low
70.29,High
32.59,Low
52.05,
50.08,
59.72,Medium
41.37,Medium
65.08,Medium
42.97,Medium
24.63,Low
12.04,Low
1.18,Low
26.09,Low
51.99,Medium
18.52,Low
38.47,Medium
64.93,Medium
12.98,Low
,High
31.68,Low
78.79,High
14.83,Low
99.44,High
34.63,Low
77.1,High
29.04,Low
21.02,Low
61.4,Medium
7.39,Low
80,High
73.41,High
11.92,Low
79.01,High
33.07,Low
82.91,High
37.03,Medium
77.33,High
60.46,Medium
55.98,Medium
86.66,High
22.34,
8.57,Low
,Medium
100,High
94.13,High
35.25,Medium
62.76,Medium
77.62,High
41.77,Medium
50.45,
44.91,Medium
72.8,High
87.13,High
49.86,Medium
0,Low
86.65,High
78.53,High
79.1,High
81.11,High
47.58,
12.93,Low
67.07,Medium
73.3,High
100,High
58.09,Medium
56.54,Medium
41.81,Medium
46.52,Medium
46.41,Medium
73.34,High
50.89,Medium
43.31,Medium
88.24,High
54.45,Medium
86.52,High
93.02,High
38.85,Medium
50.51,Medium
85.66,High
48.3,Medium
63.35,Medium
39.28,Medium
48.43,Medium
63.58,Medium
64.27,Medium
70.56,High
49.87,Medium
59.03,Medium
80.48,High
48.85,Medium
76.05,High
75.41,High
30.09,Low
66.48,Medium
52.32,Medium
24.85,Low
56.35,Medium
72.02,High
100,High
54.11,Medium
77.41,High
83.02,High
28.5,Low
61.61,Medium
38.45,Medium
53.82,Medium
64.99,Medium
42.11,Medium
43.06,Medium
25.79,Low
30.14,Low
56.48,Medium
29.72,Low
20.85,Low
72.37,High
33.39,Low
48.68,Medium
43.43,Medium
66.56,Medium
43.68,Medium
9.81,Low
58.11,Medium
56.25,Medium
43.88,Medium
33.6,Low
77.75,High
31.1,Low
45.75,Medium
61.58,Medium
75.04,High
55.15,Medium
17.17,Low
80.01,High
100,High
85.95,High
72.21,High
33.3,Low
60.45,Medium
49.12,Medium
53.39,Medium
46.99,Medium
34.45,Low
0,Low
38.54,Medium
64.86,Medium
60.63,Medium
100,High
37.16,Medium
76.97,High
98.34,High
100,High
70.3,High
56.37,Medium
20,Low
82.15,High
100,High
97.98,High
48.19,Medium
77.69,High
60.89,Medium
53.45,Medium
11.8,Low
55.77,Medium
47.32,Medium
50.61,Medium
0,Low
36.06,Medium
50.25,Medium
67.87,
64.24,Medium
62.28,Medium
32.88,Low
24.29,Low
43.92,Medium
68.85,Medium
94.02,High
79.14,High
13.38,Low
45.65,Medium
38.43,Medium
,Medium
39.56,Medium
85.33,
69.15,Medium
27.94,Low
42.01,Medium
58.5,Medium
85,
36.07,Medium
34.19,Low
67.41,Medium
42.99,Medium
63.17,Medium
52.86,Medium
6.54,Low
2.69,Low
86.92,High
94.56,High
29.73,Low
76.9,High
54.1,Medium
100,High
47.65,Medium
37.7,Medium
29.09,Low
56.1,Medium
54.55,
61.93,Medium
72.14,High
60.08,Medium
35.22,Medium
45.85,Medium
34.7,Low
28.86,Low
59.09,Medium
18.35,Low
18.31,Low
80.99,High
66.87,Medium
45.1,Medium
17.16,Low
38.51,Medium
21.93,Low
92.16,High
65.11,Medium
80.15,High
54.35,Medium
12.48,Low
21.27,Low
54.19,Medium
85.35,High
18.83,Low
70.86,High
100,High
,Medium
33.18,Low
53.54,Medium
26.56,Low
90.34,High
72.06,High
84.98,High
68.65,Medium
49.58,Medium
85.56,High
26.64,Low
47.91,Medium
41.07,Medium
45.64,Medium
73.87,High
20.78,Low
25.3,Low
29.03,Low
80.62,High
79.27,High
41.71,Medium
,Medium
53.88,Medium
22.1,Low
29.98,Low
64.3,Medium
43.65,Medium
54.23,Medium
36.19,Medium
53.79,Medium
37.36,Medium
59.59,Medium
42.1,Medium
67.59,
43.45,Medium
14.56,Low
68.64,Medium
44.89,Medium
24.06,Low
34.69,Low
85.65,High
43.45,Medium
60.43,Medium
84.62,High
59.59,Medium
82.94,High
47.64,Medium
58.72,Medium
61.49,Medium
46.79,Medium
98.66,High
13.06,Low
53.61,Medium
46.39,Medium
27.24,Low
75.74,High
60.27,Medium
63.52,Medium
62.67,Medium
89.07,High
83.69,High
47.83,Medium
10.2,Low
65.51,Medium
63.26,Medium
78.11,High
30.56,Low
87.42,High
94.79,High
48,Medium
71.27,High
70.6,High
72.74,High
49.86,Medium
31.24,Low
52.94,Medium
100,High
37.26,Medium
51.3,Medium
64.48,Medium
31.65,Low
64.43,Medium
90.84,High
100,High
22.55,Low
57.87,Medium
65.51,Medium
84.57,High
98.54,High
19.78,Low
70.34,High
73.62,High
73.24,High
49.85,Medium
20.15,Low
60.3,Medium
53.16,Medium
34.26,Low
41.84,Medium
85.76,High
53.34,Medium
76.21,High
84.1,High
47.38,Medium
24.29,Low
100,High
41.61,Medium
27.47,Low
55.21,Medium
77.06,High
32.44,Low
52.71,Medium
26.58,Low
71.72,High
52.39,Medium
58.93,Medium
56.46,Medium
69.49,Medium
39.83,Medium
44.85,Medium
27.32,Low
62.43,Medium
30.81,Low
51.98,Medium
64.73,Medium
56.29,Medium
42.31,Medium
52.32,Medium
81.09,High
76.45,High
23.54,Low
70.6,High
60.57,Medium
52.1,Medium
50.39,Medium
58.8,Medium
56.83,Medium
71.5,High
36.9,Medium
61.42,Medium
79.3,High
36.39,Medium
44.83,Medium
79.87,High
49.75,Medium
65.8,Medium
56.69,Medium
44.15,Medium
40.05,Medium
27.83,Low
71.43,High
53.62,Medium
54.83,Medium
94.33,High
77.98,High
72.33,High
65.71,Medium
42.94,Medium
17.54,Low
66.89,Medium
71.05,High
68.72,Medium
53.77,Medium
58.15,Medium
50.81,Medium
92.84,High
66.24,Medium
49.91,Medium
60.35,Medium
84.29,High
39.06,Medium
35.14,Medium
42.3,Medium
46.4,Medium
0,Low
7.46,Low
44.2,Medium
54.72,Medium
19.86,Low
49.5,Medium
49.11,Medium
74.31,High
65.23,Medium
32.95,Low
69.49,
48.53,Medium
76.82,High
56.83,Medium
0.62,Low
29.12,Low
22.23,Low
48.7,Medium
12.17,Low
52.66,Medium
84.09,High
75.54,High
44.1,Medium
51.93,Medium
25,Low
72.61,High
86.12,High
86.53,High
100,High
38.26,Medium
60.42,Medium
50.91,Medium
72.58,High
82.11,High
34.48,Low
42.22,Medium
65.6,
,Low
52.47,Medium
20.24,Low
63.76,Medium
52.1,Medium
70.78,High
47.42,Medium
94.38,High
88.52,High
82.3,High
80.83,High
64.9,Medium
77.47,High
77.39,High
64.86,Medium
39.66,Medium
47.61,Medium
83.06,High
39.31,Medium
42.63,Medium
71.21,High
59.96,Medium
64.29,Medium
17.6,Low
55.47,Medium
38.9,Medium
73.44,High
81.91,High
51.13,Medium
33.95,Low
32.22,Low
82.95,High
43.89,Medium
28.53,Low
81.26,High
17.68,Low
58.04,Medium
,Low
58.5,Medium
78.16,High
83.1,High
51.43,Medium
26.74,Low
48.46,Medium
75.43,High
64.01,Medium
35.28,Medium
63.66,Medium
14.66,Low
57.75,Medium
43.42,Medium
,Medium
28.75,Low
10.82,Low
76.85,High
48.18,Medium
30.93,Low
21.6,Low
0,Low
70.96,High
71.13,High
54.73,Medium
39.95,Medium
76.74,High
0,Low
42.97,Medium
68.82,Medium
53.47,Medium
68.23,Medium
84.13,High
56.58,Medium
87.16,High
63.89,Medium
72.58,High
26.97,Low
38.78,Medium
51.71,Medium
66.06,Medium
40.66,Medium
20.09,Low
77.03,High
14.8,Low
30.24,Low
55.4,Medium
7.4,Low
75.65,High
70.14,High
72.48,High
46.94,Medium
48.76,Medium
63.76,Medium
18,Low
,Medium
60.44,Medium
28.94,Low
62.99,Medium
76.67,High
100,High
51.63,Medium
40.45,Medium
97.61,High
73.72,High
92.74,High
39.91,Medium
56.2,Medium
62.63,Medium
34.58,Low
66.64,Medium
63.68,Medium
13.3,Low
46.48,Medium
53.06,Medium
100,High
27.41,Low
17.84,Low
41.72,
73.12,High
23.2,Low
6.68,Low
89.84,High
64.78,Medium
56.26,Medium
,Medium
60.98,Medium
68.71,Medium
85.74,High
56.61,Medium
37.36,Medium
,Medium
13.97,Low
100,
69.41,Medium
26.76,Low
52.64,Medium
54.64,Medium
96.14,High
44.43,Medium
76.24,High
93.86,High
24.41,Low
100,High
84.33,High
55.04,Medium
65.08,Medium
75.25,High
39.1,Medium
35.87,Medium
33.51,Low
59.77,Medium
64.05,Medium
24.64,Low
83.96,High
43.07,Medium
43.66,Medium
5.97,
80.51,High
27.19,Low
22.08,Low
33.35,
82.39,High
53.12,Medium
12.49,Low
68.16,Medium
77.26,High
25.43,Low
65.53,Medium
30.57,Low
46.4,Medium
34.64,Low
44.34,Medium
58.51,Medium
85.27,High
68.77,Medium
43.71,Medium
76.22,High
12.51,Low
100,High
82.06,
66.24,Medium
39.59,Medium
90.35,High
36.83,Medium
34.35,Low
16.58,Low
56.7,Medium
65.8,Medium
62.7,Medium
31.7,Low
53.53,Medium
57.1,Medium
37.54,Medium
41.15,Medium
18.25,Low
37.79,Medium
89.29,High
70.85,High
69.79,Medium
76.75,High
,Medium
40.89,
9.32,Low
84.65,High
60.37,Medium
89.06,High
29.72,Low
22.37,Low
39.57,Medium
27.73,
100,High
33.82,Low
75.88,High
54.43,Medium
90.38,High
26.68,Low
28.43,Low
41.04,Medium
83.85,High
75.92,High
43.45,Medium
60.71,Medium
23.11,Low
15.43,Low
75.02,High
7.06,Low
32.92,Low
27.69,Low
33.63,Low
57.31,Medium
,Low
,Low
75.22,High
87.84,High
51.62,Medium
100,High
7.71,Low
51.14,Medium
64.39,Medium
0,Low
87.4,High
45.38,Medium
70.13,High
46.18,Medium
53.77,Medium
56.32,Medium
76.91,High
32.59,Low
56.13,Medium
67.81,Medium
60.36,Medium
80.31,High
69.35,Medium
46.85,Medium
66.18,Medium
100,High
86.82,High
34.44,Low
100,High
82.43,High
29.89,Low
61.2,Medium
,Low
41.73,Medium
28.04,Low
15.69,Low
48.15,Medium
72.3,High
34.26,Low
62.91,Medium
41.11,Medium
14.37,Low
18.8,Low
52.96,Medium
36.69,Medium
70.28,High
90.3,High
75.8,High
83.36,High
43.5,Medium
42.29,Medium
14.83,Low
89.47,High
36.58,Medium
61.59,Medium
57,Medium
42.56,Medium
39.07,Medium
55.73,Medium
62.56,Medium
60.08,Medium
17.58,Low
13.64,
70.43,High
38.15,Medium
47.58,Medium
61.38,Medium
68.92,Medium
37.02,Medium
61.94,Medium
73.32,High
23.13,Low
21.96,Low
58.45,Medium
78.48,High
42.03,Medium
82.21,High
0,Low
64.56,Medium
52.12,Medium
53.39,Medium
91.79,High
12.62,Low
52.28,Medium
52.3,Medium
40.09,Medium
100,High
36.19,Medium
44.42,Medium
48.59,Medium
,Medium
34.52,Low
25.33,Low
33.27,Low
35.24,Medium
37.7,Medium
63.57,Medium
59.54,Medium
86.57,High
44.85,Medium
81.25,High
58.2,Medium
28.45,Low
17.43,Low
47.56,Medium
80.31,High
17.55,Low
46.71,Medium
77.95,High
98.9,High
58,Medium
58.51,Medium
73.29,High
57.43,Medium
42.47,Medium
76.64,High
90.65,High
46.56,Medium
82.53,High
50.51,Medium
8.61,Low
49.06,Medium
79.92,High
94.65,High
32.36,Low
34.33,Low
63.18,Medium
67.75,Medium
38.4,Medium
65.43,
56.44,Medium
48.56,Medium
39.57,Medium
36.56,Medium
85.81,High
3.78,Low
15.44,Low
48.88,Medium
66.61,Medium
35.05,Medium
91.72,High
33.49,Low
60.32,Medium
43.92,Medium
88.91,High
58.17,Medium
45.71,Medium
81.43,High
44.32,Medium
75.24,High
0,Low
66.16,Medium
56.59,Medium
63.7,Medium
28.58,Low
73.32,High
16.23,Low
41.77,Medium
33.86,Low
24.69,Low
47.48,Medium
44.13,Medium
98.35,High
58.26,Medium
36.56,Medium
17.15,Low
57.49,
32.35,Low
61.88,Medium
42.32,Medium
86.93,High
39.24,Medium
70.8,High
23.88,Low
49.89,Medium
79.12,High
23.83,Low
64.76,Medium
66.09,Medium
87.41,High
34.48,Low
32.07,Low
60.05,Medium
54.36,Medium
77.39,High
0,Low
71.01,High
20.95,Low
98.16,High
46.38,Medium
51.36,Medium
72.39,High
68.87,Medium
69.6,Medium
46.99,Medium
55.61,Medium
67.04,Medium
21.36,Low
67,Medium
73.96,High
53.29,Medium
57.23,Medium
61.25,Medium
27.72,Low
35.67,Medium
31.57,Low
50.33,Medium
20.38,Low
81.57,High
82.58,High
43.68,Medium
46.36,Medium
38.52,Medium
0,Low
71.5,High
73.25,
29.54,Low
26.8,Low
53.14,Medium
0,Low
50.91,Medium
67.61,
70.82,High
46.71,Medium
59.41,Medium
72.2,High
100,High
53.61,Medium
77.5,High
72.8,High
45.62,Medium
75.15,High
34.98,Low
79,High
41.1,Medium
26.38,Low
69.57,
29.32,
41.68,Medium
34.08,Low
49.99,Medium
88.24,
77.86,High
38.89,Medium
76.55,High
0,Low
33.94,Low
83.51,High
11.4,Low
76.46,High
58.4,Medium
61.61,Medium
29.37,Low
35.82,Medium
30.84,Low
66.31,Medium
64.32,Medium
40.99,Medium
52.49,Medium
52.14,Medium
4.22,Low
36.42,Medium
25.64,Low
65.97,Medium
38.93,Medium
36.06,Medium
80.05,High
35.91,Medium
94.03,High
53.34,Medium
90.84,High
79.42,High
69.7,Medium
63.73,Medium
0,Low
52.98,Medium
77.18,High
52.76,Medium
64.6,
71.2,High
52.27,Medium
66.2,Medium
44.69,Medium
66.33,Medium
46.68,Medium
82.01,High
15.25,Low
37.43,Medium
52.97,Medium
45.25,Medium
87.81,High
32.25,Low
66.42,Medium
54.82,Medium
45.67,Medium
78.82,High
51.23,Medium
67.76,Medium
46.48,
36.89,Medium
50.51,Medium
33.48,Low
29.59,Low
77.22,High
41.82,Medium
82.37,High
21.13,
59.56,Medium
54.92,Medium
0,Low
60.67,Medium
32.99,Low
16.83,Low
18.49,Low
39.79,Medium
61.22,Medium
41.72,Medium
37.18,Medium
97.68,High
98.81,High
8.38,Low
72.03,High
59.25,Medium
36.43,Medium
81.24,High
62.76,Medium
27,Low
22.13,Low
27.36,Low
57.12,Medium
,Medium
45.6,Medium
25.8,Low
40.41,Medium
26.68,Low
37.29,Medium
58.26,Medium
75.04,High
,Low
54.78,Medium
40.98,Medium
59.03,Medium
64.06,Medium
15.87,Low
6,Low
75.82,High
87.97,High
100,High
43.9,Medium
64.19,Medium
77.08,High
51.45,Medium
69.32,Medium
57.29,Medium
15.17,Low
21.52,Low
22.2,Low
34.76,Low
72.04,High
37.14,Medium
76.49,High
55.91,
83.49,High
0,Low
66.34,Medium
44.08,Medium
33.58,Low
19.57,Low
42.7,Medium
17.18,Low
65.09,Medium
58.01,Medium
74.41,High
13.98,Low
25.97,Low
91.06,High
50.46,Medium
28.88,Low
85.07,High
44.44,Medium
24.08,Low
52.68,Medium
81.69,High
44.89,Medium
,Medium
74.76,High
43.08,Medium
57.79,Medium
63.32,Medium
45.58,Medium
26.74,Low
58.1,Medium
82.07,High
45.48,Medium
75.36,High
87.38,High
57.6,Medium
91.43,High
57.66,Medium
39.96,Medium
28.86,Low
78.76,High
90.13,High
26.22,Low
85.01,High
47.9,Medium
67.77,Medium
60.92,Medium
82.74,High
78.36,High
19.28,Low
31.45,Low
66.73,Medium
42.47,Medium
48.03,Medium
47.98,Medium
53.46,Medium
72.44,High
76.02,High
35.53,Medium
33.66,Low
20.56,Low
67.13,Medium
0,Low
46.72,Medium
52.48,Medium
55.75,Medium
42.72,Medium
80.06,High
66.6,Medium
19.92,Low
27.96,Low
83.86,High
64.23,Medium
40.3,Medium
72.4,High
66.58,Medium
37.01,Medium
35.58,Medium
63.75,Medium
4.05,Low
79.87,High
38.71,Medium
49.87,Medium
70.31,High
24.38,Low
52.58,Medium
53.1,
22.22,Low
99.05,High
76.13,High
54.78,Medium
58.27,Medium
29.91,Low
46.72,Medium
45.94,Medium
56.03,Medium
36.59,Medium
54.02,Medium
77.98,High
45.88,Medium
31.44,Low
14.19,Low
52.93,Medium
68.27,Medium
47.58,Medium
10.38,Low
31.7,Low
62.55,Medium
63.58,Medium
36.16,Medium
59.28,Medium
51.19,Medium
93.14,High
29.56,Low
77.85,High
67.92,Medium
93.76,High
69.94,Medium
70.06,High
84.09,High
42.65,Medium
33.21,Low
0,Low
66.26,Medium
43.28,Medium
18.32,Low
25.03,Low
73.39,High
29.36,Low
95.64,High
,Medium
69.08,Medium
100,High
73.94,High
58.38,Medium
82.89,High
61.48,Medium
65,Medium
31.51,Low
100,High
82.18,High
65.55,Medium
64.31,Medium
68.16,Medium
97.65,High
43.79,Medium
47.13,Medium
,High
28.93,Low
30.95,Low
46.43,Medium
80.37,High
74.84,High
64.14,Medium
43.21,Medium
49.32,Medium
56.15,Medium
88.19,High
53.04,Medium
41.93,Medium
34.4,Low
56.82,Medium
43.55,
44.12,Medium
52.43,Medium
24.98,Low
54.22,Medium
59.95,Medium
38.95,Medium
75.84,High
,Medium
55.6,Medium
22.68,Low
22.43,Low
72.74,High
92.1,High
,Low
59.16,Medium
53.62,Medium
36.8,Medium
60.95,Medium
48.84,Medium
63.01,Medium
11.8,Low
95.54,High
46.94,Medium
55.47,Medium
52.29,Medium
25.16,Low
37.39,Medium
88.65,High
42.15,
55.41,Medium
34.12,Low
45.81,Medium
49.74,Medium
0,Low
36.85,Medium
90.68,High
47.09,Medium
1.49,Low
26.93,Low
41.14,Medium
34.22,Low
64.11,Medium
71.49,High
12.41,Low
31.55,Low
49.77,Medium
45.89,Medium
27.19,Low
53.79,Medium
50.18,Medium
56.34,Medium
41.42,Medium
48.58,Medium
84.99,High
78.53,High
29.91,Low
46.49,Medium
77.69,High
,Low
86.6,High
51.21,Medium
43.4,Medium
87.63,High
23.59,Low
100,High
49.41,Medium
57.67,Medium
54.9,Medium
46.28,Medium
63.91,Medium
19.43,Low
51.53,Medium
75.69,High
16.95,Low
64.12,Medium
71.65,High
63.91,Medium
25.28,Low
54.94,Medium
68.15,Medium
41.88,Medium
61.69,Medium
90.29,High
38.59,Medium
77.68,High
52.15,Medium
74.5,High
83.16,High
35.87,Medium
89.02,High
62.09,Medium
54.88,Medium
96.53,High
63.63,Medium
82.84,High
36.2,Medium
37.02,Medium
38.14,Medium
0,Low
69.55,Medium
83.6,High
82,High
17.62,Low
81.89,High
90.6,High
89.39,High
100,High
51.87,Medium
13.54,Low
63.66,Medium
35.96,Medium
28.86,Low
73.92,High
31.91,Low
74.5,High
84.83,High
99.56,High
59.36,Medium
75.24,High
57.11,Medium
36.63,Medium
47.43,Medium
18.13,Low
20.7,Low
55.43,Medium
100,High
88.22,High
47.34,Medium
77.22,High
52.6,Medium
83.68,High
82.75,High
30.78,Low
57.06,Medium
48.69,Medium
66.85,Medium
52.29,Medium
20.44,Low
46.28,Medium
65.51,Medium
47.82,Medium
32.23,Low
24.44,Low
80.53,High
55.17,Medium
25.93,Low
51.13,Medium
100,
75.4,High
66.09,Medium
36.45,Medium
65.85,Medium
41.14,Medium
68.62,Medium
58.27,Medium
22.28,Low
83.81,High
82.74,High
68.77,Medium
19.71,Low
76.87,High
79.86,High
61.38,Medium
74.95,High
45.52,Medium
65.63,Medium
47.82,
33.22,Low
84.29,High
77.3,High
8.81,Low
16.21,Low
88.81,High
84.45,High
58.13,Medium
28.88,Low
13.32,Low
47.03,Medium
28.22,Low
18.8,Low
22.68,Low
5.82,Low
57.17,Medium
50.43,Medium
49.48,Medium
69.83,Medium
40.77,Medium
77.43,High
62.03,Medium
84.82,High
32.77,Low
65.2,Medium
82.02,High
38.08,Medium
57.26,Medium
90.28,High
79.56,High
27.91,Low
49.99,Medium
83.22,High
32.71,Low
22.19,Low
36.59,Medium
59.11,Medium
62,Medium
29.07,Low
48.47,Medium
65.51,
54.47,Medium
63.24,Medium
0,Low
93.18,High
56.73,Medium
47.49,Medium
53.26,Medium
49.72,Medium
74.39,High
41.91,Medium
81.67,High
80.74,High
24.27,Low
31.74,Low
41.95,Medium
31.07,Low
40.95,
55.12,Medium
55.26,Medium
25.16,Low
30.46,Low
64.45,Medium
22.93,Low
37.92,Medium
70.66,High
42.27,Medium
36.62,Medium
33.06,Low
83.3,High
83.17,High
57.49,Medium
53.94,Medium
23.64,Low
25.28,Low
59.98,Medium
23.16,Low
17.61,Low
41.77,Medium
66.41,Medium
43.21,Medium
46.11,Medium
27.69,Low
0,Low
42.19,Medium
100,High
61.88,Medium
84.42,
75.72,High
48.99,Medium
53.44,Medium
52.19,Medium
67.99,Medium
58.56,Medium
97.2,High
42.37,Medium
58.92,Medium
19.29,Low
64.58,Medium
31.94,Low
50.88,Medium
48.79,Medium
29.05,Low
53.12,Medium
73.4,High
67.57,Medium
56.73,Medium
6,Low
70.15,High
52.2,Medium
52.52,Medium
51.52,Medium
51.06,Medium
25.11,Low
21.98,Low
53.38,Medium
3.74,Low
76.38,High
84.69,High
54.43,Medium
53.3,Medium
23.01,Low
73.97,High
52.92,Medium
67.77,Medium
86.67,High
54.63,Medium
94.53,High
50.02,Medium
29.97,Low
50.87,Medium
57.02,Medium
57.13,Medium
59.01,
100,High
37.35,Medium
60.37,Medium
100,High
76.12,High
41.27,Medium
47.16,Medium
73.23,High
29.06,Low
34.85,Low
75.13,High
13.95,Low
54.28,Medium
62.09,Medium
0,Low
63.82,Medium
55.77,Medium
0.11,Low
11.77,Low
15.67,Low
18.96,Low
58.01,Medium
86.07,High
54.71,Medium
60.26,Medium
86.26,High
32.8,Low
22.68,Low
71.68,High
57.04,Medium
17.98,Low
75.11,High
52.34,Medium
72.75,High
52.61,Medium
82.86,High
,Low
93.78,High
36.99,Medium
31.49,Low
55.17,Medium
51.37,Medium
93.75,High
82.73,High
38.53,Medium
12.16,Low
81.13,High
51.49,Medium
63.7,Medium
6.33,Low
85.79,High
61.36,Medium
85.9,High
75.52,High
67.94,Medium
28.99,Low
65.34,Medium
38.23,Medium
57.46,Medium
100,High
29.8,Low
74.97,High
12.17,Low
90.49,High
53.88,Medium
91.35,High
38.59,Medium
83.59,High
73.15,High
56.78,Medium
75.39,High
26.12,Low
62.38,Medium
100,High
53.28,Medium
37.63,Medium
72.39,High
23.11,Low
41.48,Medium
68.88,Medium
58.22,Medium
79.39,High
57.17,Medium
46.74,Medium
36.98,Medium
48.68,Medium
36.02,Medium
68.75,Medium
23.68,Low
23.18,Low
44.55,Medium
57.92,Medium
75.81,High
53.66,Medium
43.8,Medium
100,High
10.93,Low
47.1,Medium
32.18,Low
19.46,Low
74.8,High
47.85,Medium
89.27,High
99.76,High
41.27,Medium
22.11,Low
34.21,Low
31.59,Low
6.12,Low
60.12,Medium
27.09,Low
65.77,Medium
53.09,Medium
52.62,Medium
90.67,High
77.58,High
67.53,Medium
41.54,Medium
51.93,Medium
79.83,High
55.49,Medium
36.17,Medium
,High
65.48,Medium
,Low
24.69,Low
71.94,High
88.87,High
28.18,Low
44.7,Medium
85.01,High
57.03,Medium
83.47,High
65.3,Medium
18.47,Low
92.95,High
6.21,Low
44.82,Medium
30.28,Low
95.68,High
27.53,Low
92.06,High
87.13,High
68.26,Medium
66.92,Medium
52.55,Medium
58.94,Medium
23.88,Low
0,Low
31.36,Low
13.01,Low
64.79,Medium
86.53,High
95.13,High
68.22,Medium
43.96,Medium
72.76,High
29.98,Low
82.36,High
41.26,Medium
60.23,Medium
18.37,Low
70.65,High
69.91,Medium
60.16,Medium
100,High
51.49,Medium
51.23,Medium
47.86,Medium
8.05,Low
52.72,Medium
34.68,Low
75.8,High
59.99,
76.57,High
75.84,High
86.66,High
45.79,Medium
69.79,Medium
27.46,Low
43.11,Medium
46.8,Medium
11.14,Low
50.62,Medium
74.17,High
73.91,High
50.43,Medium
62.14,Medium
42.67,Medium
36.83,Medium
46.1,Medium
51.69,Medium
,Medium
42.97,Medium
56.29,Medium
60.78,Medium
35.47,Medium
55.09,Medium
50.4,Medium
51.89,Medium
71.17,High
54.38,Medium
58.51,Medium
49.43,Medium
52.21,Medium
100,High
,Medium
80.3,High
62.01,Medium
31.79,Low
33.16,Low
24.29,Low
58.72,Medium
60.81,Medium
88.99,High
,Low
69.9,Medium
54.61,Medium
71.06,High
74.93,High
67.53,Medium
33.72,Low
16.45,Low
54.09,Medium
42.95,Medium
38.94,Medium
75.69,High
10.81,Low
85.22,High
58.02,Medium
30.65,Low
37.05,Medium
44.32,Medium
42.02,Medium
21.5,Low
57.5,Medium
10.64,Low
66.73,
78.2,High
52.22,Medium
84.8,High
64.55,Medium
61.38,Medium
76.54,High
68.58,Medium
,Low
57.86,Medium
0.42,Low
34.95,Low
59.55,Medium
70.45,High
5.37,Low
81.48,High
54.55,Medium
50.3,Medium
46.77,Medium
70.09,High
77.25,High
37.32,Medium
42.49,Medium
75.22,High
2.71,Low
55.8,Medium
34.61,Low
74.59,High
79.12,High
37.07,Medium
51.89,Medium
77.3,High
90.66,High
100,High
56.53,Medium
46.13,Medium
38.17,Medium
6.09,Low
32.25,Low
64.11,Medium
2.4,Low
44.89,Medium
,Low
39.28,Medium
64.6,Medium
60.33,Medium
17.88,Low
15.07,Low
38.26,Medium
23.76,Low
14.29,Low
97.43,High
63.37,Medium
40.73,Medium
56.77,Medium
99.1,High
50.19,Medium
49.63,Medium
42.3,Medium
17.41,Low
73.83,
54.67,Medium
46.83,Medium
23.48,Low
37.83,Medium
26.56,Low
45.17,Medium
74.94,High
31.71,Low
29.19,Low
26.72,Low
39.69,Medium
24.86,Low
50.26,Medium
29.98,Low
67.26,Medium
24.17,Low
18.99,Low
29.09,Low
44.19,Medium
48.19,Medium
66.75,Medium
13.25,Low
45.07,Medium
61.73,Medium
27.77,Low
,High
,High
33.93,Low
10.06,Low
85.57,High
44.89,Medium
,Medium
64.37,Medium
90.68,High
36.37,Medium
33.59,Low
49.54,Medium
44.74,Medium
22.78,Low
70.99,High
52.79,Medium
48.18,Medium
67.58,Medium
100,High
32.03,Low
39.2,Medium
60.45,Medium
94.03,High
53.59,Medium
6.62,Low
9.6,Low
38.53,Medium
20.14,Low
19.98,
69.25,Medium
33.91,Low
56.52,Medium
21.94,Low
79.62,
38.73,Medium
67.7,Medium
19.99,Low
83.26,High
34.24,Low
53.84,Medium
27.57,Low
92.45,High
84.69,High
9.22,Low
79.57,High
62.94,Medium
1.04,Low
66.61,Medium
44.68,Medium
51.93,Medium
58.81,Medium
77.02,High
38.16,Medium
,Medium
50.48,Medium
74.98,High
96.57,High
22.12,Low
66.52,Medium
21.93,Low
28.86,Low
56.39,Medium
49.9,Medium
34.97,Low
15.25,Low
46.07,Medium
72.67,High
39.56,Medium
59.24,Medium
21.45,Low
46.47,Medium
43.14,Medium
44.07,Medium
44.09,Medium
51.46,Medium
42.15,Medium
15.17,Low
72.05,High
33.83,Low
15.41,Low
64.7,Medium
52.8,Medium
62.97,Medium
62.06,Medium
34.49,Low
48.3,Medium
42.64,Medium
78.69,High
79.54,High
80.64,High
36.14,Medium
25.21,Low
68.75,Medium
28.43,Low
55.52,Medium
46.32,Medium
55.13,Medium
35.97,Medium
49.07,Medium
56.82,Medium
85.56,High
72.87,High
44.86,Medium
66.97,Medium
67.77,Medium
42.99,Medium
72.38,High
37.09,Medium
96.37,High
19.67,Low
33.25,Low
26.86,Low
50.62,Medium
35.26,Medium
87.88,High
61.14,Medium
68.8,Medium
54.2,Medium
28.02,Low
43.46,Medium
64.57,Medium
53.02,Medium
89.9,High
23.95,Low
57.61,Medium
33.78,Low
65.31,Medium
65.46,Medium
17.21,Low
86.22,High
100,High
68.97,Medium
83.79,High
38.44,Medium
51.69,Medium
61.97,Medium
57.19,Medium
15.4,Low
42.54,Medium
49.9,Medium
100,High
31,Low
57.5,Medium
58.55,Medium
84.92,High
0,Low
47.62,Medium
68.66,Medium
27.58,Low
66.02,Medium
66.2,Medium
31.99,Low
,Medium
12.51,Low
92.33,High
49.48,Medium
0,Low
29.91,Low
32.29,Low
72.37,High
40.25,Medium
85.5,High
29.61,Low
53.03,Medium
32.79,Low
45.98,Medium
46.65,Medium
69.91,Medium
66.77,Medium
82.59,High
33.49,Low
66.89,Medium
74.77,High
53.54,Medium
33.17,Low
48.67,Medium
38.59,Medium
46.13,Medium
22.68,Low
57.76,Medium
76.2,High
60.03,Medium
100,High
86.32,High
39.03,Medium
62.76,Medium
72.88,High
60.8,Medium
24.11,Low
26.95,Low
61.69,Medium
6.79,Low
34.4,Low
48.67,Medium
90.48,High
43.06,Medium
93.14,High
68.7,Medium
45.63,Medium
19.06,Low
50.1,Medium
63.44,Medium
57.59,Medium
38.21,Medium
54.74,Medium
85.66,High
21.51,Low
53.43,Medium
58.28,Medium
65.81,Medium
29.76,Low
84.55,High
66.74,Medium
64.54,Medium
8.53,Low
80.35,High
89.95,High
72.73,High
71.44,High
0,Low
63.61,Medium
60.86,Medium
64.88,Medium
,High
,Medium
68.48,Medium
50.45,Medium
26.97,Low
36.29,Medium
65.18,Medium
68.92,Medium
93.78,High
55.58,Medium
76.24,High
57.55,Medium
37.39,Medium
88.43,High
72.74,High
19.83,Low
69.76,Medium
49.63,Medium
33.51,Low
91.77,High
46.65,Medium
36.81,Medium
16.15,Low
44.05,Medium
50.93,Medium
68.67,Medium
26.12,
68.62,Medium
53.97,Medium
18.82,Low
8.64,Low
19.05,Low
17.85,Low
70.24,High
68.58,Medium
34.66,Low
67.16,Medium
27.43,Low
71.76,High
,Medium
33.31,Low
,High
32,Low
89.27,High
83.03,High
89.58,High
75.64,High
39.95,Medium
91.13,High
83.75,High
44.92,Medium
13.48,Low
98.96,High
,Medium
5.51,Low
43.72,Medium
69.75,Medium
,Medium
37.52,Medium
87.93,High
70.46,High
43.22,Medium
61.77,Medium
84.17,High
33.76,Low
33.52,Low
75.96,High
68.95,Medium
52.31,Medium
64.12,Medium
91.88,High
,High
75.72,High
37.66,Medium
47.62,Medium
100,High
10.04,Low
67.55,Medium
87.11,High
75.73,High
58.42,Medium
59.58,Medium
75.56,High
68.76,
54.04,Medium
63.85,Medium
94.46,High
92.64,High
37.75,Medium
,Low
48.92,Medium
26.78,Low
60.15,Medium
78.96,High
23.44,Low
8.71,Low
100,High
60.12,Medium
55.84,Medium
96.59,High
11.25,Low
47.68,Medium
70.96,High
56.94,Medium
30.24,Low
100,High
96.43,High
19.24,Low
71,High
65.73,Medium
34.93,
33.91,Low
46.93,Medium
23.02,Low
38.25,Medium
34.83,Low
100,High
51.72,Medium
67.99,Medium
,Medium
62.91,Medium
93.6,High
92.12,High
49.45,Medium
72.73,High
70.97,High
62.07,Medium
80.8,High
0,Low
49.9,Medium
20.46,Low
67.04,Medium
75.94,High
93.68,High
55.16,Medium
40.51,Medium
28.23,Low
66.35,Medium
47.91,Medium
31.79,Low
55.59,Medium
48.42,Medium
59.38,Medium
31.29,Low
97.38,High
58.93,Medium
70.21,High
11.34,Low
65.9,Medium
,Medium
23.13,Low
72.92,High
41.66,Medium
87.45,High
46.54,Medium
47.97,Medium
80.61,High
45.95,Medium
34.31,Low
67.77,Medium
69.23,Medium
21.84,Low
44.93,Medium
47.51,Medium
52.64,Medium
53.3,Medium
35.96,Medium
59.59,Medium
15.27,Low
83.76,High
23.64,Low
47.22,Medium
47.37,Medium
42.81,Medium
51.67,Medium
38.96,Medium
100,High
57.84,Medium
48.5,Medium
27.31,Low
67.44,Medium
79.61,High
76.29,High
78.89,High
16.22,Low
16.12,Low
40.91,Medium
85.44,High
67.68,Medium
100,High
68.12,Medium
61.82,Medium
62.92,Medium
34.91,Low
31.55,Low
51.01,Medium
73.27,High
43.13,Medium
79.2,High
63.91,Medium
35.3,Medium
95.08,High
16.03,Low
100,High
,Low
55.11,Medium
28.74,Low
38.81,Medium
44.43,Medium
42.22,Medium
75.77,High
36.7,Medium
50.76,Medium
72.51,High
47.53,Medium
57.49,Medium
26.39,Low
30.25,Low
35.33,Medium
57.42,Medium
69.97,Medium
67.47,Medium
48.85,Medium
31.7,Low
42.71,Medium
62.92,Medium
72.27,High
75.52,High
12.68,Low
,Medium
29.55,Low
65.58,Medium
,Medium
80.02,High
,Medium
95.16,High
73.48,High
12.14,Low
17.47,Low
65.78,Medium
95.04,High
84.92,High
72.9,High
36.6,Medium
84.04,High
7.13,Low
92.6,High
0,Low
39.16,Medium
60.7,Medium
68.27,Medium
64.01,Medium
44,Medium
74.27,High
95.29,High
27.02,Low
71.07,High
3.11,Low
18.16,Low
91.71,High
23.58,Low
55.33,Medium
67.94,Medium
61.13,Medium
52.72,Medium
72.49,High
33.92,Low
,Medium
61.3,Medium
68.76,Medium
32.79,Low
90.67,High
56.77,Medium
79.37,High
35.02,Medium
59.96,Medium
45.99,Medium
47.75,Medium
78.78,High
53.85,Medium
56.26,Medium
51.62,Medium
92.6,High
37.71,Medium
22.21,Low
60.47,Medium
85.25,High
53.75,Medium
44.21,Medium
49.56,Medium
58.23,Medium
45.35,Medium
28.68,Low
29.36,Low
25.75,Low
11.29,Low
72.04,High
68.48,Medium
74.2,High
34.9,Low
27.55,Low
41.37,Medium
81.12,High
48.66,Medium
48.48,Medium
35.06,Medium
45.98,Medium
96.67,High
71.52,High
68,Medium
60.19,Medium
9.02,Low
29.63,Low
16.07,Low
56.64,
22.47,Low
41.69,
37.89,Medium
79.31,High
56.18,Medium
47.17,
15.42,Low
55.03,Medium
94.95,High
34.33,Low
68.21,Medium
76.78,High
92.4,High
30.61,Low
60.22,Medium
75.71,High
30.8,Low
48.2,Medium
42.3,Medium
73.95,High
21.95,Low
48.89,Medium
56.76,Medium
18.54,Low
48.6,Medium
74.54,High
21.35,Low
55.01,Medium
60.08,Medium
63.94,Medium
45.96,Medium
23.04,Low
65.85,Medium
50.57,Medium
51.33,Medium
66.17,Medium
47.31,Medium
48.6,Medium
51.97,Medium
100,High
22.14,Low
61.94,Medium
68.02,Medium
21.12,Low
65.52,Medium
41.2,Medium
34.14,Low
46.4,Medium
36.29,Medium
22.27,Low
57.09,Medium
20.08,
69.54,Medium
60.43,Medium
87.38,High
58.19,Medium
3.34,Low
85.07,High
22.88,Low
36.38,Medium
43.68,Medium
0,Low
2.42,Low
43.94,Medium
53.15,Medium
64.31,Medium
71.14,High
50.73,Medium
52.75,Medium
72.46,High
34.71,Low
100,High
23.53,Low
31.13,Low
40.49,Medium
57.03,Medium
17.34,Low
44.67,Medium
67.28,
32.75,Low
75.17,High
26.06,Low
69.21,Medium
70.68,High
48.86,Medium
,Low
35.53,Medium
41.4,Medium
100,High
63.07,Medium
15.39,Low
61.51,Medium
22.68,
47.16,Medium
40.13,Medium
100,High
32.09,Low
66.3,Medium
77.77,High
32.55,Low
43.33,Medium
22.64,Low
58.95,Medium
11.7,Low
82.37,High
81.36,High
50.57,Medium
12.83,Low
73.94,High
46.05,Medium
90.52,High
40.88,Medium
59.7,Medium
75.79,High
55.5,Medium
57.68,Medium
60.21,Medium
36.93,Medium
42.06,Medium
50.63,Medium
82.93,High
51.74,Medium
68.18,
74.06,High
87.12,High
51.26,Medium
12.2,Low
46.93,Medium
24.7,Low
100,High
76.43,High
51.77,Medium
90.19,High
52.97,Medium
81.53,High
46.72,Medium
52.7,Medium
49.1,Medium
91.54,High
63,Medium
43.89,Medium
65.97,Medium
20.47,Low
58.3,Medium
54.23,Medium
50.12,Medium
59.12,Medium
27.91,Low
65.11,Medium
85.69,High
30.68,Low
67.98,Medium
,
77.18,High
60.11,Medium
61.62,Medium
78.92,High
35.39,Medium
47.55,Medium
44.02,Medium
66.43,
64.05,Medium
59.98,Medium
86.67,High
30.81,Low
97.94,High
97.33,High
51.98,Medium
50.26,Medium
100,High
72.19,High
51.34,Medium
73.42,High
70.59,High
64.48,Medium
76.82,High
25.79,Low
47,Medium
57.93,Medium
42.66,Medium
76.24,High
,High
16.83,Low
70.63,High
33.26,Low
57.58,Medium
59.9,Medium
49.8,Medium
62.58,Medium
76.2,High
29.39,Low
53.24,Medium
83.31,High
53.96,Medium
73.57,High
85.48,High
71.45,High
73.47,High
58.38,Medium
89.28,High
80.15,High
73.34,High
76.27,High
53,Medium
34.68,Low
66.68,Medium
74.78,High
21.1,Low
70.29,High
75.48,High
0,Low
40.14,Medium
65.47,Medium
36.68,Medium
32.4,Low
86.07,High
61.51,Medium
61.19,Medium
76.72,High
95.54,High
72.84,High
52.85,Medium
62.71,Medium
67.28,Medium
67.28,Medium
37.33,
25.53,Low
43.13,Medium
35.97,Medium
15.1,Low
68.02,Medium
25.53,Low
54.83,Medium
19.49,Low
78.96,High
22.82,Low
90.82,High
44.41,Medium
53.95,Medium
46.32,Medium
45.92,Medium
49.06,Medium
39.52,Medium
59.21,Medium
49.62,Medium
57.9,Medium
93.19,High
59.54,Medium
,High
25.39,Low
98.49,High
26.62,Low
46.39,Medium
27.66,Low
50.96,Medium
41.8,Medium
82.55,High
52.07,Medium
82.29,High
47.45,Medium
66.69,Medium
64.89,Medium
47.16,Medium
53.58,Medium
25.65,Low
56.67,Medium
54.9,Medium
35.8,Medium
53.18,Medium
55.61,Medium
58.73,Medium
81.75,High
40.41,Medium
72.06,High
49.11,Medium
42.94,Medium
63.21,Medium
23.66,Low
80.52,High
73.81,High
58.77,Medium
56.8,
45.39,Medium
0,Low
48.65,Medium
54.23,Medium
100,High
55.31,Medium
77.18,High
100,High
37.99,Medium
54.81,Medium
43.82,Medium
14.43,Low
72.11,High
13.28,Low
54.99,Medium
29.02,Low
34.69,Low
76.39,High
81.84,High
65.34,Medium
65.16,Medium
22.63,Low
76.24,High
66.62,Medium
65.86,Medium
82.06,High
50.48,Medium
31.27,Low
19.42,Low
76.39,High
19.38,Low
58.91,Medium
54.58,Medium
31.23,Low
26.23,Low
31.17,Low
36.36,Medium
88.91,High
17.36,Low
66.25,Medium
62.09,Medium
51.31,Medium
33.7,Low
0,Low
87.5,High
86.65,High
61.35,Medium
57.64,Medium
10.3,Low
82.33,High
58.22,Medium
81.11,High
59.3,Medium
85.52,
54.76,Medium
100,High
48.18,Medium
64.38,Medium
72.38,High
41.12,Medium
73.64,High
67.89,Medium
5.11,Low
36.75,Medium
0,Low
12.23,Low
75.54,High
6.48,Low
51.07,Medium
53.5,Medium
68.5,Medium
31.85,Low
52.41,Medium
63.15,Medium
93.63,High
96,High
90.81,High
63.99,Medium
57.91,Medium
43.79,Medium
80.5,
79.48,High
76.93,High
75.38,High
93.83,High
66.09,Medium
65.3,Medium
34.89,Low
51.61,Medium
41.29,Medium
63.16,Medium
78.13,High
41.41,Medium
85.42,High
20.02,Low
31.71,Low
90.42,High
75.24,High
60.92,Medium
66.07,Medium
63.43,Medium
84.62,High
55.83,Medium
42.03,Medium
31.29,Low
59.94,Medium
52.81,Medium
73.45,High
,Medium
57.73,Medium
100,High
88.46,High
39.01,Medium
92.47,High
72.91,High
91.14,High
23.81,Low
38.25,Medium
65.2,Medium
,Low
71.69,High
40.46,Medium
69.95,Medium
58.82,Medium
55.75,Medium
42.16,Medium
70.73,High
44.04,Medium
49.04,Medium
28.07,Low
40.16,Medium
47.37,Medium
50.42,Medium
65.39,Medium
71.32,High
50.02,Medium
78.98,High
52.45,
21.98,Low
65.82,Medium
70.81,High
45.44,Medium
25.29,Low
32.36,Low
85.03,High
71.48,High
51.09,Medium
67,Medium
84.09,High
42.8,Medium
68.74,Medium
26.61,Low
0,Low
25.84,Low
75.85,High
54.76,Medium
81.56,High
72.33,High
49.02,Medium
33.3,Low
63.71,Medium
75.6,High
48.31,Medium
63.07,Medium
19.57,Low
44.63,Medium
45.1,Medium
9.71,Low
49.71,Medium
83.95,High
69.15,Medium
74.31,High
84.78,High
,Medium
46.94,Medium
28.76,Low
,Low
72.15,High
85.13,High
36.95,Medium
59.33,Medium
0.72,Low
37.12,Medium
61.67,Medium
34.66,Low
66.97,Medium
77.85,High
80.45,High
40.39,Medium
,High
58.17,Medium
20.65,Low
78.87,High
37.1,Medium
30,Low
56.11,Medium
69.91,Medium
58.53,Medium
17.81,Low
17.49,Low
35.32,Medium
55.45,Medium
31.29,Low
53.13,Medium
70.04,High
36.55,Medium
72.15,High
79.85,High
15.79,Low
81.2,High
,
64.31,Medium
40.98,Medium
43.25,Medium
75.6,High
76.04,High
83.17,High
22.34,Low
50.8,Medium
81.65,High
92.68,High
50.32,Medium
80.46,High
35.13,Medium
73.07,High
32.78,Low
66.53,Medium
77.85,High
24.37,Low
36.88,Medium
51.54,Medium
79.51,High
68.13,Medium
15.35,Low
74.92,High
58.93,Medium
70.76,High
60.93,Medium
46,Medium
91.22,High
83.15,High
73.21,High
68.76,Medium
61.28,Medium
60.33,Medium
19.84,Low
46.45,Medium
43.73,Medium
25.21,Low
31.2,Low
64.24,Medium
64.37,Medium
55.41,Medium
51.31,Medium
45.78,
,High
27.63,Low
86.23,High
45.94,Medium
26.58,Low
20.85,Low
55.38,Medium
69.89,Medium
41.4,Medium
,Medium
79.22,High
22.14,Low
84.89,
70.8,High
39.61,Medium
88.24,High
55.6,Medium
42.01,Medium
97.92,High
63.59,Medium
54.74,Medium
95.09,High
100,
64.81,Medium
13.16,
14.24,Low
43.31,Medium
19.22,Low
78.46,High
57.7,Medium
36.66,Medium
46.21,Medium
48.19,Medium
57.38,Medium
29.84,Low
31.14,Low
,Medium
66.57,Medium
23.13,Low
26.37,Low
57.87,Medium
78.46,High
99.44,High
80.9,High
17.17,Low
100,High
31.03,Low
28.97,Low
59.18,Medium
59.3,Medium
40.1,Medium
22.86,Low
55.89,Medium
1.82,Low
53.87,Medium
62.13,Medium
68.04,Medium
60.12,Medium
,High
42.51,Medium
63.46,Medium
45.01,Medium
63.49,Medium
53.22,Medium
28.44,Low
36.05,Medium
61.19,Medium
78.25,High
27.89,Low
12.36,Low
21.3,Low
100,High
74.36,High
21.16,Low
41.13,
60.66,
31.34,Low
60.6,Medium
67.61,Medium
87.37,High
45.37,Medium
,Low
46.65,Medium
14.05,Low
25.23,Low
56.42,Medium
10.76,Low
28.89,Low
51.81,Medium
50.02,Medium
78.26,High
11.8,Low
57.65,Medium
58.8,Medium
100,High
68.4,Medium
60.74,Medium
32.02,Low
100,High
9.93,Low
59.29,Medium
27.73,Low
54.31,Medium
81.76,High
96.05,High
16.15,Low
77.32,High
45.76,Medium
76.3,High
72.07,High
94.69,High
48.48,Medium
77.54,High
46.96,Medium
24.87,Low
72.41,High
58.2,Medium
70.24,High
73.7,High
94.16,High
100,High
43.39,Medium
67.54,Medium
71.39,High
26.77,Low
78.98,High
,High
71.69,High
41.63,Medium
,Low
25.94,Low
71.84,High
43.12,Medium
26.82,Low
19.34,Low
87.49,High
33.94,Low
50.72,Medium
79.15,High
48.66,Medium
32.11,Low
100,High
35.09,Medium
19.29,Low
48.6,Medium
70.28,High
67.44,Medium
70.11,High
44.45,Medium
16.65,Low
37.47,Medium
73.28,High
52.55,Medium
66.38,Medium
44.48,Medium
87.43,High
49.91,Medium
59.62,Medium
34.32,Low
61.28,Medium
56.73,Medium
11.76,Low
43.06,Medium
52.17,Medium
65.61,Medium
70.25,High
52.8,Medium
34.58,Low
37.17,Medium
62.96,Medium
,Low
45.46,Medium
100,High
65.09,Medium
88.33,High
44.54,Medium
35.39,Medium
100,High
56.94,Medium
60.39,Medium
28.19,Low
76.77,High
79.82,High
46.2,Medium
54.54,Medium
86.76,High
69.71,Medium
44.3,Medium
56.73,Medium
82.21,High
29,Low
46.82,Medium
46.25,Medium
47.89,Medium
35.75,Medium
68.45,Medium
33.58,Low
34.22,Low
47.93,Medium
78.38,High
21.69,Low
57.66,Medium
54.31,Medium
,High
35.87,Medium
52.87,Medium
60.51,Medium
66.65,
71.19,High
33.25,Low
48.76,Medium
31.55,Low
37.79,Medium
78.71,High
65.12,Medium
58.22,Medium
33.32,Low
36.42,Medium
29.05,Low
49.49,Medium
19.46,Low
5.19,Low
72.45,High
56.64,Medium
19.83,Low
37.6,Medium
28.97,Low
35.02,Medium
49.7,Medium
40.3,Medium
9.62,Low
74.38,High
47.2,Medium
45.17,Medium
35.06,Medium
73.34,High
15.81,Low
91.63,High
75.1,High
60.39,Medium
18.23,Low
59.41,Medium
75.33,High
43.86,Medium
44.19,Medium
45.33,Medium
97.56,High
98,High
74.68,High
39.56,Medium
74.26,High
36.94,Medium
47.34,Medium
35.74,Medium
35.95,Medium
71.17,High
29.75,Low
71.23,High
43.06,
21.23,Low
43.78,Medium
59.54,Medium
55.31,Medium
87,High
37.03,Medium
89.04,High
60.85,Medium
58.51,Medium
82.93,High
59.31,Medium
68.23,Medium
27.84,Low
53.22,Medium
51.75,Medium
65.55,Medium
39.1,Medium
27.34,Low
25.4,Low
58.87,Medium
54.22,
70.82,High
83.21,High
38.05,Medium
42.94,Medium
27.67,Low
25.66,Low
56.54,Medium
82.9,High
62.56,Medium
40.76,Medium
95.77,High
35.11,Medium
,Low
35.77,Medium
21.51,Low
55.04,Medium
,Medium
30.84,Low
40.43,Medium
62.43,Medium
37.45,Medium
65.73,Medium
75.9,High
69.32,Medium
69.11,Medium
65.32,
22.04,Low
8.96,Low
40.56,Medium
18.63,Low
0,Low
33.81,Low
,Medium
56.18,Medium
,Low
78.87,High
14.12,Low
75.88,High
9.7,Low
48.11,Medium
31.17,Low
39.69,Medium
51.7,Medium
46.35,Medium
46.46,Medium
41.64,Medium
68.09,Medium
59.61,Medium
70.31,High
24.29,Low
84.44,High
100,High
49.24,Medium
16.43,Low
,High
31.84,Low
60.26,Medium
58.91,Medium
100,High
42.31,Medium
38.78,Medium
72.07,High
89.05,High
55.28,Medium
83.33,High
66.81,Medium
61.48,Medium
93.06,High
100,High
72.54,High
31.25,Low
61.5,Medium
,Medium
38.25,Medium
77.16,High
32.27,Low
55.95,Medium
28.67,Low
20.56,Low
61.39,Medium
33.64,Low
34.35,Low
70.4,High
53.5,Medium
44.97,Medium
58.77,
47.45,Medium
24.05,Low
55.62,Medium
11.92,Low
52.17,Medium
62.77,Medium
72.91,High
47.04,Medium
33.93,Low
53.58,Medium
100,High
56.16,Medium
41.08,Medium
38.57,Medium
21.53,
62.03,Medium
39.18,Medium
55.69,Medium
53.17,Medium
18.73,Low
49.31,Medium
57.01,Medium
42.72,Medium
67.73,Medium
75.23,High
16.09,Low
67.67,Medium
55.34,Medium
33.06,Low
94.5,High
44.31,Medium
15.64,Low
81.36,High
52.3,Medium
72.56,High
79.67,
11.5,Low
100,High
53.8,Medium
23.7,Low
28.7,Low
77.44,High
55.05,Medium
68.4,Medium
34.1,Low
72.21,High
42.09,Medium
86.56,High
82.21,High
68.92,Medium
66.8,Medium
6.11,Low
60.6,Medium
14.63,Low
61.25,Medium
29.14,Low
71.17,High
25.96,Low
88.88,High
38.41,Medium
37.75,Medium
68.68,Medium
22.02,Low
73.01,High
97.32,High
44.9,Medium
46.91,Medium
43.15,Medium
32.54,Low
76.74,High
100,High
73.07,High
,Medium
54.78,Medium
53.6,Medium
42.73,Medium
99.19,High
25.05,Low
74.38,High
57,
58.59,Medium
100,High
78.1,High
23.13,Low
24.45,Low
72.46,High
74.89,High
93.59,High
31.42,Low
96.62,High
33.15,Low
98.1,High
91.33,High
35.38,Medium
44.66,Medium
28.56,Low
21.4,Low
21.08,Low
51.53,Medium
38.67,Medium
67.9,Medium
62.46,Medium
100,High
71,High
41.06,Medium
70.31,High
28.87,Low
27.7,Low
5.52,Low
39.68,Medium
48.34,Medium
79.5,High
72.3,High
39.79,Medium
41.78,Medium
4.84,Low
96.76,High
69.88,Medium
50.23,Medium
33.2,Low
31.49,
44.01,Medium
32.91,Low
75.28,High
35.23,Medium
57.4,Medium
64.84,Medium
52.05,
67.45,Medium
29.96,Low
70.94,High
68.23,Medium
61.59,Medium
44.16,Medium
58.18,Medium
83.42,High
23.51,Low
55.26,Medium
71.72,High
98.48,High
82.06,High
69.44,Medium
76.71,High
64.43,Medium
16.88,Low
74.08,High
66.06,Medium
90.03,High
88.7,High
15.52,Low
65.33,Medium
43.71,Medium
90.44,High
56.75,Medium
27.72,Low
4.41,Low
12.04,Low
95.79,High
32.61,Low
64.95,Medium
0,Low
41.77,Medium
58.2,Medium
,Medium
53.73,Medium
,Medium
38.75,
70.61,High
30.95,Low
49.52,Medium
100,High
29.78,Low
,Medium
42.89,Medium
91.09,High
36.77,Medium
34.86,Low
56.4,Medium
18.36,Low
49.53,Medium
59.22,Medium
32.95,Low
85.95,High
68.23,Medium
45.15,Medium
58.27,Medium
42.9,Medium
53.75,Medium
51.72,Medium
33,Low
66.53,Medium
69.95,Medium
4.98,Low
86.92,High
69.04,Medium
34.85,Low
100,High
63.13,Medium
27.63,Low
70.18,High
37.71,Medium
70.06,High
62.49,Medium
47.14,Medium
30.37,Low
57.72,Medium
63.79,Medium
,Medium
50.34,Medium
6.36,Low
82.37,High
37.22,Medium
59.47,Medium
52,Medium
64.55,Medium
60.21,Medium
45.84,Medium
33.9,Low
77.59,High
15.03,Low
99.35,High
65.97,Medium
100,High
49.23,Medium
77.77,High
46.09,
46.72,Medium
84.09,High
35.4,Medium
38.46,Medium
74.07,High
66.27,Medium
0,Low
27.02,Low
64.27,Medium
45.13,Medium
52.66,Medium
67.82,Medium
28.07,Low
27.18,Low
61.54,Medium
46.91,Medium
52.62,Medium
43.07,Medium
38.25,Medium
63.21,Medium
35.38,Medium
32.26,Low
12.92,Low
69.3,Medium
20.48,Low
30.25,Low
64.67,Medium
40.5,Medium
52.1,Medium
80.95,High
61.98,Medium
42.47,Medium
0.06,Low
36.74,Medium
55.35,Medium
70.56,High
65.53,Medium
0,Low
89.84,High
72.71,High
33.45,Low
31.46,Low
46.82,Medium
73.86,High
46.81,Medium
80.3,High
11.49,Low
88.53,High
86.48,High
47.71,Medium
56.45,Medium
43.49,Medium
29.17,Low
67.18,Medium
52.8,Medium
27.49,Low
68.71,Medium
41.94,Medium
83.76,High
58.83,Medium
56.47,Medium
38.51,Medium
29.91,Low
63.68,Medium
77.82,High
100,High
51.68,Medium
11.06,Low
29.4,Low
59.44,Medium
67.02,Medium
79.15,High
34.39,Low
72.34,High
46.99,Medium
54.95,Medium
55.19,Medium
34.05,Low
84.93,High
75.52,High
72.22,High
100,High
83.56,High
32.31,Low
80.73,High
45.95,Medium
49.05,Medium
39.65,Medium
81.16,High
83.89,High
46.03,Medium
61.08,Medium
71.38,High
87.55,High
24.06,Low
41.83,Medium
39.79,Medium
42.02,Medium
94.84,High
35.17,Medium
88.6,High
38.05,Medium
67.79,Medium
70.5,High
35.35,Medium
90.79,High
63.32,Medium
74.16,High
31.71,Low
66.52,Medium
10.46,Low
22.54,Low
54.85,Medium
71.19,High
58.65,Medium
57.55,Medium
87.4,High
70.17,High
57.59,Medium
58.06,Medium
45.01,Medium
53.54,Medium
46.32,Medium
56.46,Medium
61.29,Medium
64.65,Medium
97.32,High
64.26,Medium
45.07,Medium
75.49,High
77.99,High
0.76,Low
26.69,Low
37.17,Medium
59.55,Medium
62.27,Medium
63.77,Medium
12.19,Low
48.13,Medium
67.1,Medium
57.49,Medium
46.83,Medium
84.72,High
48.89,Medium
36.51,Medium
71.62,High
38.53,Medium
72.03,High
60.95,Medium
84.27,High
39.2,Medium
83.79,High
63.9,Medium
31.66,Low
73.88,High
44.09,Medium
47.75,Medium
92.44,High
35.95,Medium
37.42,Medium
24.92,Low
55.95,Medium
98.96,High
44.13,Medium
13.62,Low
76.56,High
70.75,High
14.88,Low
73.93,
55.57,Medium
59.59,Medium
83.46,High
60.1,Medium
55.28,Medium
20.1,Low
22.25,Low
27.01,Low
44.63,Medium
64.8,Medium
19.84,
34.61,Low
25.57,Low
60.52,Medium
81.11,High
77.79,High
80.94,High
73.4,High
47.38,Medium
44.01,Medium
48.02,Medium
54.36,Medium
18.5,Low
64.67,Medium
30.43,Low
53.81,Medium
89.61,High
20.47,Low
44.73,Medium
51.97,Medium
70.18,High
38.54,Medium
53.79,Medium
65.01,Medium
35.19,Medium
17.43,Low
43.36,Medium
51.92,Medium
31.48,Low
58.54,Medium
13.62,Low
72.62,High
41.05,Medium
38.68,Medium
15.97,Low
85.26,High
77.15,High
14.56,Low
60.06,Medium
61.18,Medium
45.22,Medium
66.03,Medium
28.07,Low
47.58,Medium
53.15,Medium
41.14,Medium
51.53,Medium
34.42,Low
59.03,Medium
20.62,Low
48.36,Medium
52.7,Medium
79.55,High
76.54,High
21.67,Low
26.71,Low
12.69,Low
38.5,Medium
87.66,High
0,Low
46.87,Medium
84.07,High
52.42,Medium
41.62,Medium
58.14,Medium
72.19,High
46.58,Medium
89.55,High
43.08,Medium
53.25,Medium
59.65,Medium
100,High
64.58,Medium
71.36,
43.93,Medium
31.74,Low
15.98,Low
3.65,Low
43.4,Medium
21.59,Low
22.86,Low
98.34,High
32.07,Low
43.5,Medium
25.71,Low
73.04,High
9.02,Low
100,High
45.05,Medium
46.83,Medium
21.99,Low
88.13,High
64.79,Medium
50.25,Medium
23.43,Low
83.83,High
65.82,Medium
67.59,Medium
,Medium
62.17,Medium
88.29,High
72.94,High
31.59,Low
29.47,Low
56.45,Medium
48.9,Medium
88.63,High
29.44,Low
82.84,High
57.14,Medium
62.74,Medium
100,High
57.74,Medium
78.14,High
51.86,Medium
100,High
30.98,Low
75.44,High
35.66,Medium
68.89,Medium
69.8,Medium
35.8,Medium
67.95,Medium
,Medium
79.68,High
40.28,Medium
31.13,Low
14.86,
27.57,Low
81.47,High
69.06,
50.95,Medium
75.18,High
48.51,Medium
18.52,Low
78.72,High
73.07,High
31.29,Low
68.97,Medium
29.78,Low
32.49,Low
6.65,Low
34.25,Low
77.51,High
12.5,Low
28.56,Low
76.03,High
84.11,High
73.75,High
78.54,High
47.97,
59.14,Medium
56.34,Medium
10.49,Low
57.09,Medium
52.67,Medium
71.52,High
19.94,Low
61.88,Medium
66.32,Medium
,Medium
44.98,Medium
67.29,Medium
76.75,High
43.52,Medium
100,High
49.2,Medium
51.24,Medium
1.73,Low
75.1,High
68.76,Medium
53.11,Medium
50.86,Medium
33.8,Low
100,High
100,High
77.88,High
74.78,High
70.32,High
56.88,Medium
44.34,Medium
84.33,High
51.81,Medium
64.84,Medium
53.38,Medium
88.97,High
63.74,Medium
37.18,Medium
57.29,Medium
38.62,Medium
46.89,Medium
75.08,High
39.76,Medium
45.97,Medium
11.95,Low
100,High
58.23,Medium
41.49,Medium
55.07,Medium
56.6,Medium
85.22,High
53.97,Medium
80.82,High
60.81,Medium
68.52,Medium
35.3,Medium
33.1,Low
57.41,Medium
61.06,Medium
54.46,Medium
58.01,Medium
60.53,Medium
64.81,Medium
70.41,High
28.95,Low
84.83,High
,Low
86.38,High
21.01,Low
66.39,Medium
38.21,Medium
53.92,Medium
44.58,Medium
77.83,High
35.2,Medium
75.54,High
63.76,Medium
49.61,Medium
18.74,Low
78.05,High
0,Low
19.86,Low
59.99,Medium
82.22,High
9.32,Low
88.14,High
57.35,Medium
60.31,Medium
5.51,Low
90.03,High
48.31,Medium
41.27,Medium
11.93,Low
47.94,Medium
66.09,Medium
81.14,High
39.68,Medium
31.02,Low
65.32,Medium
4.71,
31.92,Low
70.8,High
80.03,High
68.34,Medium
47.53,Medium
61.17,Medium
55.91,Medium
9.68,Low
89.08,High
71.42,High
51.32,Medium
81.36,High
54.06,Medium
71.73,
26.73,Low
57.3,Medium
73.49,High
24.46,Low
79.63,High
39.19,Medium
23.13,Low
50.01,Medium
29.1,Low
56.96,
39.51,Medium
54.73,Medium
16.69,Low
100,High
56.37,Medium
70.78,High
44.61,Medium
79.07,High
94.14,High
49.26,Medium
53.74,Medium
65.76,Medium
43.93,Medium
70.85,High
54.06,Medium
30.57,Low
100,High
61.17,Medium
47.77,Medium
58.79,Medium
32.59,Low
76.81,High
32.66,Low
49.76,Medium
48.62,Medium
44.8,Medium
4.19,Low
91.19,High
42.28,Medium
53.21,Medium
33.6,Low
58.78,Medium
84.47,High
56.5,Medium
73.67,High
48.61,Medium
6.64,Low
51.84,Medium
72.63,High
54.82,Medium
43.95,Medium
24.22,Low
41.52,Medium
74.93,High
61.34,Medium
40.76,Medium
3.64,Low
83.36,High
57.48,Medium
93.38,High
41.3,Medium
46.17,Medium
67.72,Medium
13.25,Low
48.69,Medium
56.19,Medium
70.88,High
66.45,Medium
44.43,Medium
95.08,High
71.15,High
54.88,Medium
51.07,Medium
22.59,Low
,Medium
10.94,Low
53.85,Medium
84.45,High
47.34,Medium
77.11,High
79.37,High
3.49,Low
83.86,High
28.34,Low
32.73,Low
76.8,High
57.99,Medium
88.38,High
100,High
65.5,Medium
33.89,Low
80.39,High
75.76,High
,Medium
39.88,Medium
58.54,Medium
80.43,High
29.29,Low
38.23,Medium
72.89,High
72.43,High
44.27,Medium
58.67,Medium
53.49,Medium
15.24,Low
70.09,High
70.91,High
100,High
51.21,Medium
44.51,Medium
69.94,Medium
49.72,Medium
58.89,Medium
13.53,Low
82.31,High
19.15,Low
6.79,Low
82.81,High
52.25,Medium
39.49,Medium
50.94,Medium
100,High
45.78,Medium
56.65,Medium
22.68,Low
63.23,Medium
100,High
33.34,Low
,Medium
97.5,High
57.59,Medium
76.93,High
74.58,High
73.83,High
79.31,High
81.72,High
94.8,High
22.13,Low
54.25,Medium
89.56,High
81.81,High
100,High
64.98,Medium
83.66,High
45.56,Medium
75.44,High
39.68,Medium
30.59,Low
56.07,Medium
51.32,Medium
62.25,Medium
20.1,Low
5.03,Low
49.89,Medium
10.58,Low
0,Low
65.87,Medium
42.72,Medium
65.52,Medium
68.68,Medium
98.29,High
84.01,High
42.46,Medium
59.66,Medium
32.88,Low
31.14,Low
52.8,Medium
36.78,Medium
99.51,High
100,High
50.54,Medium
48.88,Medium
83.51,High
100,High
82.51,High
36.46,Medium
70.61,High
81.75,High
25.08,Low
21.21,Low
37.1,Medium
67.07,Medium
15.69,Low
37.25,Medium
32.52,Low
55.95,Medium
66.46,Medium
32.25,Low
9.73,Low
3.92,Low
46.63,Medium
75.12,High
55.62,Medium
84.47,High
22.87,Low
66.09,Medium
58.99,Medium
18.74,Low
46.95,Medium
83.54,High
33.35,Low
100,High
42.09,Medium
35.6,Medium
57.06,Medium
48.09,Medium
57.63,Medium
0,Low
91.65,High
71.05,High
24.96,Low
36.32,Medium
69.23,Medium
67.37,Medium
86.47,High
92.06,High
44.16,Medium
55.93,Medium
47.98,Medium
52.32,Medium
81.23,High
64.56,Medium
74.92,High
74.55,High
33.97,Low
49.63,Medium
73.65,High
43.2,Medium
29.68,Low
4.47,Low
22.54,Low
48.07,Medium
65.27,Medium
70.66,
62.7,Medium
19.68,Low
55.21,Medium
60.44,Medium
81.35,High
35.07,Medium
18.47,Low
47.78,Medium
,Medium
60.88,Medium
79.9,High
56.71,Medium
100,High
41.65,Medium
25.26,Low
72.15,High
7.68,Low
43.98,Medium
24.37,Low
92.07,High
69.82,Medium
51.22,Medium
1.78,Low
28.41,Low
23.52,Low
25.76,Low
0,Low
48.19,Medium
85.02,High
16.75,Low
74.92,High
61.08,Medium
71.3,High
,Medium
86.51,High
85.65,High
68.47,Medium
66.7,Medium
41.29,Medium
85.69,High
51.92,Medium
34.03,Low
47.12,Medium
89.42,High
26.13,Low
82.98,High
79.2,High
32.99,Low
54.48,Medium
45.45,Medium
100,High
52.87,Medium
94.48,High
11.26,Low
58.28,Medium
43.42,Medium
71.56,High
60.93,Medium
45.05,Medium
20.92,Low
10.94,Low
19.38,Low
49.26,Medium
90.98,High
40.51,Medium
77.51,High
55.01,Medium
71.73,High
60.86,Medium
61.52,Medium
55.62,Medium
59.52,Medium
45.2,Medium
15.62,Low
38.77,Medium
42.73,Medium
33.46,Low
50.44,Medium
77.49,High
89.57,High
54.58,Medium
53.22,Medium
27.41,Low
66.39,Medium
56.36,Medium
44.25,Medium
19.65,Low
53,Medium
8.6,Low
39.29,Medium
63.95,Medium
,Medium
57.53,Medium
51.28,Medium
83,High
31.82,Low
41.88,Medium
22.77,Low
47.59,Medium
38.86,Medium
55.89,Medium
28.89,Low
33.5,Low
,Medium
48.81,Medium
37.33,Medium
100,High
30.31,Low
65.14,Medium
56.86,Medium
81.43,High
46.95,Medium
57.22,Medium
50.57,Medium
48.28,Medium
7.33,Low
48.08,Medium
29.56,Low
25.5,Low
45.8,Medium
73.56,High
95.68,High
71.53,High
14.11,Low
72.63,High
63.74,Medium
19.25,Low
55.94,Medium
58.64,Medium
61.14,Medium
42.14,Medium
74,High
33.31,Low
38.22,Medium
46.37,Medium
24.97,Low
30.17,Low
42.57,Medium
56.8,Medium
86.16,High
62.27,Medium
43.49,
60.96,Medium
48.92,Medium
68.5,Medium
0,Low
60.66,Medium
71.74,High
100,
59.57,Medium
17.41,Low
54.81,Medium
54.09,Medium
46.73,Medium
68.9,Medium
20.34,
46.1,Medium
23.31,Low
77.25,High
33.17,Low
48.57,Medium
74.54,High
59.07,Medium
44.12,Medium
47.58,Medium
17.3,Low
23.84,Low
96.82,High
100,High
38.91,Medium
39.62,Medium
85.54,High
25.36,Low
65.59,Medium
80.71,High
65.48,Medium
15.58,Low
22.29,Low
30.8,Low
25.61,Low
57.05,Medium
60.08,Medium
68.03,Medium
42.94,Medium
99,High
79.9,High
76.48,High
34.68,Low
16.52,Low
10.95,Low
68.24,Medium
67.66,Medium
0,Low
63.66,Medium
0,Low
44.89,Medium
25.56,Low
44.79,Medium
35,Low
6.28,Low
35.52,Medium
52.94,Medium
44.55,Medium
75.27,High
66.78,Medium
94.67,High
100,High
83.07,High
61,Medium
54.94,Medium
24.67,Low
49.71,Medium
70.51,High
60.97,Medium
35.9,Medium
17.06,Low
37.69,Medium
57.5,Medium
61.93,Medium
30.54,Low
41.37,Medium
33.79,Low
65.32,Medium
40.13,Medium
94.94,High
82.75,High
26.51,Low
49.03,Medium
29.86,Low
9.06,Low
50.24,Medium
60.85,Medium
76.82,High
71.95,High
24.76,Low
41.46,Medium
50.33,Medium
28.92,Low
42.07,Medium
79.29,High
42.77,Medium
61.7,Medium
44.8,Medium
39.87,Medium
35.63,Medium
0,Low
38.72,Medium
22.66,Low
78.49,High
72.19,High
61.02,Medium
3.97,Low
75.66,High
29.75,Low
55.17,Medium
62.18,Medium
41.04,Medium
46.26,Medium
60.25,Medium
43.76,Medium
46.45,Medium
23.82,Low
13.2,Low
49.38,Medium
64.81,Medium
68.42,Medium
43.03,Medium
17.87,Low
72.42,High
46.55,Medium
45.55,Medium
47.62,Medium
61.22,Medium
42.02,Medium
12.88,Low
43.91,Medium
78.71,High
,Medium
81.15,High
26.34,Low
89.83,High
0,Low
78.72,High
15.94,Low
50.91,Medium
100,High
44.37,Medium
74.67,High
23.39,Low
58.25,Medium
37.35,Medium
68.09,Medium
66.14,Medium
25.67,Low
50.22,Medium
80.83,High
62.57,Medium
94.87,High
30.29,Low
81.38,High
55.65,Medium
66.36,Medium
77.75,High
46.05,Medium
68.68,Medium
54.27,Medium
23,Low
21.2,Low
0,Low
16.98,Low
32.55,Low
21.8,Low
68.14,Medium
43.25,Medium
36.49,Medium
,Low
33.38,Low
65.5,Medium
56.29,Medium
32.37,Low
81.77,High
74.83,High
53.11,Medium
74.46,High
33.2,Low
66.93,Medium
80.75,High
65.55,Medium
,Low
47.22,Medium
50.8,Medium
32.33,Low
52.83,Medium
64.11,Medium
61.69,Medium
24.25,Low
67.27,Medium
56.07,Medium
65.98,Medium
35.9,Medium
62.37,Medium
52.06,Medium
88.07,
59.36,Medium
21.65,Low
70.51,High
79.47,High
34.17,Low
41.45,Medium
47.43,Medium
35.99,Medium
55.2,Medium
26.83,Low
46.12,Medium
81.08,High
68.96,Medium
54.52,Medium
28.11,Low
31.24,Low
85.02,High
58.45,Medium
23.64,Low
79.22,High
71.38,High
45.28,Medium
22.86,Low
26.46,Low
53.21,Medium
81.82,High
48.17,Medium
20.95,Low
47.19,Medium
42.48,Medium
92.51,High
29.79,Low
24.42,Low
74.48,High
52.3,Medium
36.72,Medium
58.14,Medium
0,Low
84.46,High
78,High
65.71,Medium
83.88,High
1.48,Low
54.7,Medium
30.91,Low
92.11,High
94.86,High
51.07,Medium
62.34,Medium
23.62,Low
100,High
54.19,Medium
0,Low
53.25,Medium
60.11,Medium
64.6,Medium
34.94,Low
32.14,Low
0,Low
48.49,Medium
87.53,High
89.15,High
54.4,Medium
15.56,Low
83.91,High
53.9,Medium
60.14,Medium
34.5,Low
44.96,Medium
,Low
58.19,Medium
49.76,Medium
34.51,Low
12.56,Low
55.17,Medium
51.29,Medium
98,High
59.55,Medium
70.9,High
24.09,Low
77.81,High
89.99,High
61.15,Medium
63.51,Medium
42.8,Medium
42,Medium
45.35,Medium
74.6,High
52.01,Medium
89.55,High
68.02,Medium
52.13,Medium
47.86,Medium
54.45,Medium
70.07,High
100,High
56.65,Medium
67.38,Medium
23.25,Low
79.77,High
55.58,Medium
85.95,High
39.6,Medium
55.63,Medium
63.65,Medium
,Medium
62.19,Medium
57.85,Medium
49.48,Medium
31.09,Low
38.86,Medium
90.74,High
42.69,Medium
80,High
25.05,Low
46.21,Medium
14.15,Low
46.78,Medium
24.51,Low
76.43,High
54.59,Medium
67.42,Medium
34.06,Low
63.78,Medium
71.47,High
84.69,High
49.19,Medium
91.68,
16.98,Low
79.99,High
74.49,High
52.23,Medium
40.15,Medium
86.53,
68.4,Medium
52.19,Medium
88.04,High
81.14,High
39.77,Medium
38.02,Medium
,Medium
57.12,Medium
52.31,Medium
60.59,Medium
0,Low
93.78,High
88.03,High
69.2,Medium
,Low
62.3,Medium
44.26,Medium
100,High
90.66,High
79.44,High
59.86,Medium
67.1,Medium
71.08,High
67.99,Medium
94.85,High
63.43,Medium
54.23,Medium
67.15,Medium
89.27,High
66.83,Medium
50.88,Medium
0,Low
73.45,High
90.29,High
73.04,High
53.19,Medium
55.93,Medium
8.72,Low
24.88,Low
69.12,Medium
20.47,Low
94.92,High
54.1,Medium
44.17,Medium
93.94,High
51.6,Medium
47.42,Medium
52.08,Medium
13.27,Low
85.14,High
45.55,Medium
64.03,Medium
54.88,Medium
54.15,Medium
57.03,Medium
75.17,High
41.93,Medium
100,High
61.5,Medium
95.06,High
69.4,Medium
92.18,High
67.76,Medium
85.81,High
97.95,High
45.05,Medium
25.48,Low
59.1,Medium
39.18,Medium
,Medium
69.49,Medium
40.4,Medium
33.44,Low
34.79,Low
48.16,Medium
83.5,High
43.38,Medium
48.55,Medium
100,High
74.55,High
49.59,Medium
23.53,Low
90.65,High
37.29,Medium
65.5,Medium
85.56,High
95.2,High
62.11,Medium
57.06,Medium
49.69,Medium
82.06,High
69.76,Medium
47.48,Medium
62.57,Medium
51.64,Medium
,High
8.35,Low
41.45,Medium
39.59,Medium
26.95,Low
71.2,High
33.86,Low
68.96,Medium
73.77,High
,Medium
57.43,Medium
37.68,Medium
97.29,High
36.88,Medium
31.6,Low
11.64,Low
46.73,Medium
17.72,Low
73.47,High
45.68,Medium
64.11,Medium
51.96,Medium
67.06,Medium
26.16,Low
10.98,Low
31.58,Low
47.8,Medium
65.91,Medium
35.57,Medium
47.65,Medium
24.6,Low
36.11,Medium
56.69,Medium
61.19,Medium
0.07,Low
5.79,Low
43.86,Medium
35.46,Medium
35.33,Medium
80.3,High
37.86,Medium
27.11,Low
15.56,Low
40.54,Medium
87.74,High
45.71,Medium
56.91,Medium
24.42,Low
67.61,Medium
,Medium
60.51,Medium
51.59,Medium
73.51,High
48.46,Medium
42.56,Medium
77.14,High
58.72,
34.42,Low
100,High
63.25,Medium
97.53,High
97.87,High
43.14,Medium
49.01,Medium
44.71,Medium
58.9,Medium
33.37,Low
4.65,Low
38.96,Medium
57.41,Medium
27.89,Low
51.43,Medium
52.04,Medium
56.39,Medium
47.15,Medium
74.53,High
72.73,High
56.67,Medium
50.68,Medium
45.6,Medium
25.69,Low
69.95,Medium
76.92,High
32.53,Low
24.55,Low
48.28,Medium
58.98,Medium
69.82,Medium
45.88,Medium
12.67,Low
14.28,Low
0,Low
61.72,Medium
49.12,Medium
73.99,High
100,High
37,Medium
52.61,Medium
75.38,High
0,Low
75.61,High
62.66,Medium
29.17,Low
40.36,Medium
46.51,Medium
37.53,Medium
65.16,Medium
40.04,Medium
84.03,High
90.06,High
50.1,Medium
37.35,Medium
57.18,Medium
11.06,Low
4.22,Low
85.56,High
75.73,High
62.31,Medium
28.66,Low
63.28,Medium
64.95,Medium
56.14,Medium
27.12,Low
46.75,Medium
62.59,Medium
46.62,Medium
42.27,Medium
46.12,Medium
83.77,High
36.67,Medium
77.86,High
89.17,High
33.51,Low
66.6,Medium
61.8,Medium
47.27,Medium
77.45,High
65.12,Medium
38.76,Medium
50.16,Medium
47.47,Medium
53.31,Medium
42.12,Medium
31.07,Low
50.89,Medium
32.26,Low
20.1,Low
41.71,Medium
80.15,High
41.44,Medium
39.18,Medium